id,管理用ID,name,フルネーム確認用,所属確認用,城確認用,leadership,strength,politics,diplomacy,intelligence,charm,旧革新,innovation,cooperation,ambition,duty,affinity,personality,birthYear,startYear,endYear,familyId,nameChange,faceIcon,loyalty,achievementTotal,clan,belongKunishuId,castleId,wife,isGunshi,城主チェック,courtRank,官位チェック,adoptiveFather,adoptedSons
1001001,1,長尾|景虎,長尾景虎,長尾家,春日山城,98,100,61,73,83,92,22,11,70,60,100,15,aggressive,1530,1545,1578,1001016|1001042|1001044|1001051,1561:上杉:政虎|1570:上杉:謙信,uesugi_kenshin.webp,100,1500,2,0,2,,,春日山城,64,弾正少弼,1001020,
1001002,2,柿崎|景家,柿崎景家,長尾家,飯山城,87,94,63,72,82,51,18,5,53,40,45,14,aggressive,1513,1528,1575,,,,86,700,2,0,70,,,飯山城,,見つかりません,,
1001003,3,直江|景綱,直江景綱,長尾家,春日山城,70,69,82,85,84,70,28,19,78,30,85,12,balanced,1509,1524,1577,,,,93,700,2,0,2,,,見つかりません,,見つかりません,,
1001004,4,宇佐美|定満,宇佐美定満,長尾家,春日山城,82,61,67,78,91,84,18,5,53,30,36,12,hermit,1489,1504,1564,,,,86,0,2,0,2,,true,見つかりません,,見つかりません,,
1001007,5,本庄|繁長,本庄繁長,長尾家,本庄城,83,89,37,51,81,50,18,5,34,80,48,99,aggressive,1539,1551,1613,,,,60,300,2,0,20,,,本庄城,,見つかりません,,
1001008,6,甘粕|景継,甘粕景継,長尾家,春日山城,74,70,39,33,38,65,22,11,61,40,61,12,aggressive,1550,1565,1611,,,,90,0,2,0,2,,,見つかりません,,見つかりません,,
1001009,7,斎藤|朝信,斎藤朝信,長尾家,魚津城,85,79,84,79,90,75,22,11,71,35,76,15,balanced,1527,1542,1591,,,,92,500,2,0,1,,,魚津城,,見つかりません,,
1001010,8,北条|高広,北条高広,長尾家,厩橋城,79,81,46,45,69,60,43,40,16,75,6,87,aggressive,1517,1532,1587,1001047,,,55,500,2,0,6,,,厩橋城,,見つかりません,,
1001011,9,新発田|長敦,新発田長敦,長尾家,新発田城,56,61,66,69,69,34,22,11,58,31,46,89,balanced,1538,1553,1580,1001024|1001050,,,80,300,2,0,15,,,新発田城,,見つかりません,,
1001012,10,安田|長秀,安田長秀,長尾家,新発田城,58,68,48,51,57,59,22,11,62,55,78,20,balanced,1516,1531,1583,,,,95,0,2,0,15,,,見つかりません,,見つかりません,,
1001013,11,小島|貞興,小島貞興,長尾家,春日山城,46,92,13,15,28,59,15,1,66,61,92,15,conservative,1522,1537,1582,,,,95,0,2,0,2,,,見つかりません,,見つかりません,,
1001014,12,色部|勝長,色部勝長,長尾家,新発田城,76,71,56,53,48,41,22,11,55,40,50,16,aggressive,1493,1508,1568,1001043|1001046,,,95,0,2,0,15,,,見つかりません,,見つかりません,,
1001015,13,村上|義清,村上義清,長尾家,飯山城,82,86,53,59,62,40,25,15,39,71,49,25,balanced,1503,1518,1573,1001049,,,95,0,2,0,70,,,見つかりません,214,左衛門大尉,,
1001016,14,長尾|政景,長尾政景,長尾家,坂戸城,82,74,72,72,67,67,22,11,50,59,58,19,balanced,1526,1541,1564,1001020,,,85,300,2,0,68,7,,坂戸城,,見つかりません,,
1001017,15,志駄|義秀,志駄義秀,長尾家,新発田城,64,59,67,60,49,64,25,15,61,62,56,12,balanced,1560,1575,1632,,,,95,0,2,0,15,,,見つかりません,,見つかりません,,
1001018,16,沼田|顕泰,沼田顕泰,長尾家,沼田城,45,46,58,55,49,49,25,15,21,70,12,21,balanced,1510,1525,1574,1001019|1001055,,,90,300,2,0,89,,,沼田城,,見つかりません,,
1001019,17,沼田|祐光,沼田祐光,長尾家,沼田城,66,53,80,81,82,69,46,44,57,68,81,12,balanced,1539,1554,1612,1001018|1001055,,,80,0,2,0,89,,,見つかりません,,見つかりません,,
1001020,18,上杉|憲政,上杉憲政,長尾家,春日山城,34,35,37,30,29,84,22,11,22,86,29,37,conservative,1523,1531,1579,,,,95,0,2,0,2,,,見つかりません,107,兵部少輔,,1001001
1001021,19,須田|満親,須田満親,長尾家,飯山城,51,53,72,76,76,66,25,15,60,36,55,23,conservative,1526,1541,1598,,,,95,0,2,0,70,,,見つかりません,,見つかりません,,
1001022,20,河田|長親,河田長親,長尾家,魚津城,73,44,84,76,82,63,22,11,53,48,54,15,conservative,1540,1555,1581,,,,95,0,2,0,1,,,見つかりません,,見つかりません,,
1001023,21,千坂|景親,千坂景親,長尾家,厩橋城,73,65,73,82,79,77,25,15,54,55,63,10,conservative,1536,1551,1606,,,,95,0,2,0,6,,,見つかりません,,見つかりません,,
1001024,22,新発田|綱貞,新発田綱貞,長尾家,新発田城,42,47,71,73,74,51,22,11,42,55,38,89,balanced,1512,1527,1561,1001011|1001050,,,90,0,2,0,15,,,見つかりません,,見つかりません,,
1001025,23,中条|藤資,中条藤資,長尾家,新発田城,67,72,52,60,66,61,22,11,39,77,55,88,balanced,1480,1495,1574,,,,95,0,2,0,15,,,見つかりません,,見つかりません,,
1001026,24,加藤|段蔵,加藤段蔵,長尾家,坂戸城,49,80,31,57,86,21,57,60,13,83,8,37,balanced,1503,1518,1569,,,,85,0,2,0,68,,,見つかりません,,見つかりません,,
1001029,25,島津|忠直,島津忠直,長尾家,飯山城,45,48,45,44,48,46,29,21,55,27,37,30,conservative,1534,1549,1604,,,,95,0,2,0,70,,,見つかりません,,見つかりません,,
1001030,26,安田|景元,安田景元,長尾家,春日山城,62,65,43,44,50,57,25,15,56,51,63,89,balanced,1514,1529,1563,1001031,,,95,0,2,0,2,,,見つかりません,,見つかりません,,
1001031,27,安田|顕元,安田顕元,長尾家,春日山城,53,60,61,62,59,52,25,15,57,59,73,89,balanced,1538,1553,1580,1001030,,,95,0,2,0,2,,,見つかりません,,見つかりません,,
1001032,28,山本寺|定長,山本寺定長,長尾家,春日山城,39,39,33,30,36,47,25,15,36,59,31,79,balanced,1519,1534,1579,,,,90,0,2,0,2,,,見つかりません,,見つかりません,,
1001034,29,長尾|憲景,長尾憲景,長尾家,坂戸城,42,48,61,61,57,49,25,15,51,39,41,37,aggressive,1511,1526,1583,1001035,,,95,0,2,0,68,,,見つかりません,,見つかりません,,
1001035,30,長尾|当長,長尾当長,長尾家,坂戸城,44,39,66,61,55,59,25,15,52,59,63,39,conservative,1527,1542,1569,1001034|1001052,,,95,0,2,0,68,,,見つかりません,,見つかりません,,
1001036,31,上条|政繁,上条政繁,長尾家,春日山城,65,67,59,55,51,52,36,30,47,58,51,84,balanced,1545,1560,1643,,,,90,0,2,0,2,,,見つかりません,,見つかりません,,
1001037,32,土肥|政繁,土肥政繁,長尾家,春日山城,61,54,28,33,50,53,29,21,59,37,55,3,aggressive,1540,1555,1590,,,,90,0,2,0,2,,,見つかりません,,見つかりません,,
1001038,33,長尾|景直,長尾景直,長尾家,魚津城,28,28,38,33,37,52,26,16,65,31,61,38,conservative,1537,1552,1586,,,,90,0,2,0,1,,,見つかりません,,見つかりません,,
1001039,34,大石|綱元,大石綱元,長尾家,春日山城,49,40,51,48,50,54,29,21,64,33,61,34,conservative,1532,1547,1601,,,,90,0,2,0,2,,,見つかりません,,見つかりません,,
1001040,35,清野|清秀,清野清秀,長尾家,飯山城,53,44,59,64,67,54,29,21,69,28,67,25,balanced,1493,1508,1560,,,,90,0,2,0,70,,,見つかりません,,見つかりません,,
1001041,36,寺崎|盛永,寺崎盛永,長尾家,魚津城,56,53,36,35,42,55,36,30,49,47,44,74,aggressive,1545,1560,1581,,,,90,0,2,0,1,,,見つかりません,,見つかりません,,
1001042,37,長尾|顕景,長尾顕景,長尾家,春日山城,81,76,78,76,78,83,26,16,70,27,67,10,aggressive,1555,1570,1623,1001001|1001044,1564:上杉:景勝,,90,0,2,0,2,,,見つかりません,,見つかりません,,
1001043,38,色部|長実,色部長実,長尾家,春日山城,64,65,50,45,47,53,22,11,60,34,55,16,balanced,1555,1570,1592,1001014|1001046,,,90,0,2,0,2,,,見つかりません,,見つかりません,,
1001044,39,上杉|景虎,上杉景虎,長尾家,春日山城,74,53,70,70,72,53,22,11,41,50,32,79,balanced,1554,1569,1579,1001001|1001042|1003001|1003002|1003003|1003004|1003005|1003006|1003010|1003016,,,90,0,2,0,2,,,見つかりません,,見つかりません,,
1001045,40,岩井|信能,岩井信能,長尾家,春日山城,38,44,73,64,53,51,22,11,65,30,61,12,conservative,1553,1568,1620,,,,90,0,2,0,2,,,見つかりません,,見つかりません,,
1001046,41,色部|顕長,色部顕長,長尾家,春日山城,41,41,55,49,46,51,22,11,71,26,67,14,aggressive,1549,1564,1587,1001014|1001043,,,90,0,2,0,2,,,見つかりません,,見つかりません,,
1001047,42,北条|景広,北条景広,長尾家,厩橋城,46,64,33,35,47,55,43,40,47,49,44,2,aggressive,1548,1563,1579,1001010,,,90,0,2,0,6,,,見つかりません,,見つかりません,,
1001048,43,水原|親憲,水原親憲,長尾家,春日山城,76,77,31,31,43,62,47,45,66,34,67,12,aggressive,1546,1561,1616,,,,90,0,2,0,2,,,見つかりません,,見つかりません,,
1001049,44,村上|国清,村上国清,長尾家,飯山城,60,67,58,58,59,42,26,16,60,36,55,25,balanced,1546,1561,1603,1001015,,,90,0,2,0,70,,,見つかりません,,見つかりません,,
1001050,45,新発田|重家,新発田重家,長尾家,新発田城,78,82,47,56,78,47,22,11,46,46,38,12,balanced,1546,1561,1587,1001011|1001024,,,90,0,2,0,15,,,見つかりません,,見つかりません,,
1001051,46,長尾|景信,長尾景信,長尾家,春日山城,49,43,59,53,49,57,22,11,56,38,50,2,balanced,1527,1542,1578,1001001,1561:上杉:景信,,90,0,2,0,2,,,見つかりません,,見つかりません,,
1001052,47,長尾|顕長,長尾顕長,長尾家,厩橋城,51,46,44,41,45,57,36,30,68,31,67,14,aggressive,1556,1571,1621,1001035|1800056|1800058|1800059,,,90,0,2,0,6,,,見つかりません,,見つかりません,,
1001055,48,沼田|景義,沼田景義,長尾家,沼田城,60,69,27,36,58,54,36,30,38,55,32,24,aggressive,1552,1567,1581,1001018|1001019,,,90,0,2,0,89,,,見つかりません,,見つかりません,,
1002001,49,武田|晴信,武田晴信,武田家,躑躅ヶ崎館,100,83,98,85,96,92,32,25,6,98,10,63,aggressive,1521,1536,1573,1002010|1002011|1002016|1002017|1002020|1002022|1002028|1002039,1559:武田:信玄,takeda_shingen.webp,100,1500,3,0,9,6,,躑躅ヶ崎館,54,大膳大夫,,
1002002,50,春日|虎綱,春日虎綱,武田家,海津城,86,78,66,81,85,82,22,11,74,40,88,57,balanced,1527,1542,1578,,1556:香坂:虎綱|1566:春日:虎綱,,95,700,3,0,5,,,海津城,,見つかりません,,
1002003,51,工藤|昌秀,工藤昌秀,武田家,海津城,84,76,79,82,84,79,22,11,78,30,85,57,balanced,1522,1537,1575,,1569:内藤:昌秀,,94,700,3,0,5,,,見つかりません,,見つかりません,,
1002004,52,山本|晴幸,山本晴幸,武田家,躑躅ヶ崎館,80,70,70,79,94,63,29,21,50,40,40,64,hermit,1500,1515,1561,,,,86,0,3,0,9,,true,見つかりません,,見つかりません,,
1002005,53,秋山|虎繁,秋山虎繁,武田家,飯田城,82,83,58,71,78,72,25,15,65,50,80,58,balanced,1527,1542,1575,,,,86,300,3,0,8,,,飯田城,,見つかりません,,
1002006,54,馬場|信房,馬場信房,武田家,海津城,89,84,71,78,86,76,22,11,80,35,94,57,balanced,1515,1530,1575,,1562:馬場:信春,,96,700,3,0,5,,,見つかりません,,見つかりません,,
1002007,55,飯富|昌景,飯富昌景,武田家,富士吉田城,92,95,69,82,79,83,32,25,69,50,87,57,aggressive,1529,1545,1575,1002015,1565:山県:昌景,,94,700,3,0,55,,,見つかりません,,見つかりません,,
1002008,56,真田|幸綱,真田幸綱,武田家,戸石城,84,70,77,79,97,75,32,25,50,70,70,59,conservative,1513,1528,1574,1002018|1002019|1002023|1002033|1002034|1002042|1002043,1562:真田:幸隆,,82,500,3,0,30,,,戸石城,,見つかりません,,
1002009,57,小山田|信茂,小山田信茂,武田家,躑躅ヶ崎館,69,72,44,50,72,67,25,15,47,78,71,37,aggressive,1539,1552,1582,,,,75,0,3,0,9,,,見つかりません,,見つかりません,,
1002010,58,木曾|義昌,木曾義昌,武田家,木曽福島城,57,59,52,57,62,57,22,11,32,69,33,81,conservative,1540,1555,1595,1002001|1002011|1002016|1002017|1002020|1002022|1002024|1002028|1002039,,,70,0,3,0,52,,,見つかりません,,見つかりません,,
1002011,59,穴山|信君,穴山信君,武田家,富士吉田城,55,54,69,63,53,55,43,40,35,45,15,58,balanced,1541,1556,1582,1002001|1002010|1002016|1002017|1002020|1002022|1002028|1002039,1580:穴山:梅雪,,95,0,3,0,55,,,見つかりません,,見つかりません,,
1002012,60,原|虎胤,原虎胤,武田家,富士吉田城,71,86,28,41,57,56,22,11,41,58,39,55,aggressive,1497,1512,1564,,,,95,0,3,0,55,,,見つかりません,,見つかりません,,
1002013,61,原|昌胤,原昌胤,武田家,躑躅ヶ崎館,25,41,65,63,69,51,22,11,45,40,29,71,balanced,1531,1546,1575,,,,95,0,3,0,9,,,見つかりません,,見つかりません,,
1002014,62,跡部|勝資,跡部勝資,武田家,躑躅ヶ崎館,28,35,74,67,56,36,25,15,52,26,29,71,aggressive,1547,1562,1582,,,,90,0,3,0,9,,,見つかりません,,見つかりません,,
1002015,63,飯富|虎昌,飯富虎昌,武田家,富士吉田城,76,84,44,51,61,78,32,25,60,46,65,44,conservative,1504,1519,1565,1002007,,,95,300,3,0,55,,,富士吉田城,,見つかりません,,
1002016,64,武田|義信,武田義信,武田家,躑躅ヶ崎館,64,76,47,42,40,60,50,50,63,65,90,44,balanced,1538,1553,1567,1002001|1002010|1002011|1002017|1002020|1002022|1002028|1002039,,,75,500,3,0,9,10,,見つかりません,,見つかりません,,
1002017,65,諏訪|勝頼,諏訪勝頼,武田家,躑躅ヶ崎館,85,87,55,60,65,37,39,35,37,79,53,70,aggressive,1546,1562,1582,1002001|1002010|1002011|1002016|1002020|1002022|1002026|1002028|1002039,1575:武田:勝頼,,95,200,3,0,9,,,見つかりません,,見つかりません,,
1002018,66,真田|昌輝,真田昌輝,武田家,戸石城,77,74,67,73,74,76,32,25,60,61,80,59,aggressive,1543,1558,1575,1002008|1002019|1002023|1002033|1002034|1002042|1002043,,,96,0,3,0,30,,,見つかりません,,見つかりません,,
1002019,67,真田|信綱,真田信綱,武田家,戸石城,64,79,47,49,52,78,50,50,59,56,73,59,aggressive,1537,1552,1575,1002008|1002018|1002023|1002033|1002034|1002042|1002043,,,100,0,3,0,30,,,見つかりません,,見つかりません,,
1002020,68,武田|信廉,武田信廉,武田家,飯田城,31,30,58,51,38,64,46,44,42,21,37,63,conservative,1528,1543,1582,1002001|1002010|1002011|1002016|1002017|1002022|1002028|1002039,,,100,0,3,0,8,,,見つかりません,,見つかりません,,
1002021,69,小幡|虎盛,小幡虎盛,武田家,飯田城,66,72,35,41,51,64,29,21,77,36,72,59,balanced,1505,1520,1561,,,,95,0,3,0,8,,,見つかりません,,見つかりません,,
1002022,70,武田|信繁,武田信繁,武田家,躑躅ヶ崎館,85,77,78,80,78,85,25,15,100,42,98,63,conservative,1525,1540,1561,1002001|1002010|1002011|1002016|1002017|1002020|1002028|1002039,,,95,0,3,0,9,,,見つかりません,,見つかりません,,
1002023,71,矢沢|頼綱,矢沢頼綱,武田家,戸石城,71,66,65,64,62,59,22,11,73,19,65,61,conservative,1518,1533,1597,1002008|1002018|1002019|1002033|1002034|1002042|1002043,,,95,0,3,0,30,,,見つかりません,,見つかりません,,
1002024,72,木曾|義康,木曾義康,武田家,木曽福島城,52,61,63,63,60,55,22,11,59,45,63,80,balanced,1514,1529,1579,1002010,,,95,300,3,0,52,,,木曽福島城,,見つかりません,,
1002025,73,多田|満頼,多田満頼,武田家,躑躅ヶ崎館,64,73,31,48,71,55,25,15,55,48,58,56,aggressive,1501,1516,1563,,,,95,0,3,0,9,,,見つかりません,,見つかりません,,
1002026,74,諏訪|頼忠,諏訪頼忠,武田家,飯田城,38,45,60,53,43,63,43,40,56,50,61,13,balanced,1536,1551,1606,1002017,,,90,0,3,0,8,,,見つかりません,,見つかりません,,
1002027,75,小幡|憲重,小幡憲重,武田家,飯田城,71,62,33,50,72,61,25,15,68,46,81,38,aggressive,1522,1537,1575,1002037,,,95,0,3,0,8,,,見つかりません,,見つかりません,,
1002028,76,一条|信龍,一条信龍,武田家,富士吉田城,75,68,74,78,81,56,32,25,75,20,69,70,aggressive,1539,1554,1582,1002001|1002010|1002011|1002016|1002017|1002020|1002022|1002039,,,95,0,3,0,55,,,見つかりません,,見つかりません,,
1002029,77,屋代|政国,屋代政国,武田家,海津城,56,56,59,57,52,56,25,15,46,59,51,27,conservative,1525,1540,1587,,,,90,0,3,0,5,,,見つかりません,,見つかりません,,
1002030,78,二木|重高,二木重高,武田家,海津城,53,49,60,57,53,60,25,15,55,33,42,30,balanced,1511,1526,1560,1002031,,,95,0,3,0,5,,,見つかりません,,見つかりません,,
1002031,79,二木|重吉,二木重吉,武田家,海津城,48,52,59,63,66,58,25,15,75,34,83,3,aggressive,1530,1545,1616,1002030,,,95,0,3,0,5,,,見つかりません,,見つかりません,,
1002032,80,保科|正俊,保科正俊,武田家,高遠城,64,80,33,36,43,56,29,21,39,65,42,73,aggressive,1509,1524,1593,,,,95,300,3,0,88,,,高遠城,,見つかりません,,
1002033,81,武藤|昌幸,武藤昌幸,武田家,戸石城,93,78,84,99,99,88,36,30,38,55,32,60,balanced,1547,1562,1611,1002008|1002018|1002019|1002023|1002034|1002042|1002043,1575:真田:昌幸,,95,0,3,0,30,,,見つかりません,,見つかりません,,
1002034,82,矢沢|頼康,矢沢頼康,武田家,戸石城,66,69,50,49,52,57,22,11,71,26,67,62,balanced,1553,1568,1625,1002008|1002018|1002019|1002023|1002033|1002042|1002043,,,95,0,3,0,30,,,見つかりません,,見つかりません,,
1002035,83,鈴木|重則,鈴木重則,武田家,戸石城,61,67,31,29,38,64,50,50,80,24,84,60,aggressive,1547,1562,1589,,,,90,0,3,0,30,,,見つかりません,,見つかりません,,
1002036,84,山村|良候,山村良候,武田家,木曽福島城,37,45,63,66,66,52,26,16,65,31,61,88,balanced,1544,1559,1602,,,,90,0,3,0,52,,,見つかりません,,見つかりません,,
1002037,85,小幡|信貞,小幡信貞,武田家,躑躅ヶ崎館,71,74,40,40,48,52,26,16,60,36,55,37,aggressive,1541,1556,1592,1002027,,,90,0,3,0,9,,,見つかりません,,見つかりません,,
1002038,86,大久保|長安,大久保長安,武田家,躑躅ヶ崎館,23,25,88,76,61,41,71,80,23,75,21,78,balanced,1545,1560,1613,,,,90,0,3,0,9,,,見つかりません,,見つかりません,,
1002039,87,武田|信豊,武田信豊,武田家,躑躅ヶ崎館,73,60,47,49,54,75,22,11,51,42,44,63,balanced,1547,1562,1582,1002001|1002010|1002011|1002016|1002017|1002020|1002022|1002028,,,95,0,3,0,9,,,見つかりません,,見つかりません,,
1002040,88,平林|正恒,平林正恒,武田家,高遠城,35,42,68,62,54,54,33,26,54,42,50,30,conservative,1550,1565,1622,,,,90,0,3,0,88,,,見つかりません,,見つかりません,,
1002041,89,依田|信蕃,依田信蕃,武田家,高遠城,59,64,35,44,60,52,29,21,50,44,44,24,aggressive,1548,1563,1583,,,,90,0,3,0,88,,,見つかりません,,見つかりません,,
1002042,582,真田|信繁,真田信繁,武田家,戸石城,87,99,44,62,83,91,50,50,85,20,90,60,conservative,1567,1582,1615,1002008|1002018|1002019|1002023|1002033|1002034|1002043,,,95,0,3,0,30,,,見つかりません,,見つかりません,,
1002043,583,真田|信之,真田信之,武田家,戸石城,83,73,79,86,85,71,36,30,72,27,72,58,conservative,1566,1581,1658,1002008|1002018|1002019|1002023|1002033|1002034|1002042,,,95,0,3,0,30,,,見つかりません,,見つかりません,,
1003001,90,北条|氏康,北条氏康,北条家,小田原城,96,88,99,79,93,89,50,50,64,70,98,80,balanced,1515,1530,1571,1001044|1003002|1003003|1003004|1003005|1003006|1003010|1003016,,houjyou_ujiyasu.webp,100,1500,4,0,14,,,小田原城,128,相模守,,
1003002,91,北条|氏政,北条氏政,北条家,小田原城,79,61,80,84,72,68,50,50,71,40,82,82,conservative,1538,1553,1590,1001044|1003001|1003003|1003004|1003005|1003006|1003010|1003016,,,88,500,4,0,14,5,,見つかりません,,見つかりません,,
1003003,92,北条|綱成,北条綱成,北条家,江戸城,92,95,60,71,55,88,43,40,80,30,89,82,aggressive,1515,1530,1587,1001044|1003001|1003002|1003004|1003005|1003006|1003010|1003016,1571:北条:道感,,96,300,4,0,67,,,江戸城,,見つかりません,,
1003004,93,北条|氏照,北条氏照,北条家,江戸城,77,71,61,68,68,78,57,60,64,50,77,77,conservative,1540,1555,1590,1001044|1003001|1003002|1003003|1003005|1003006|1003010|1003016,1559:大石:氏照|1569:北条:氏照,,90,0,4,0,67,,,見つかりません,,見つかりません,,
1003005,94,北条|氏邦,北条氏邦,北条家,鉢形城,70,77,59,62,60,70,57,60,48,45,41,87,conservative,1541,1556,1597,1001044|1003001|1003002|1003003|1003004|1003006|1003010|1003016,1558:藤田:氏邦|1583:北条:氏邦,,88,0,4,0,93,,,河越城,,見つかりません,,
1003006,95,北条|長綱,北条長綱,北条家,小田原城,32,19,83,87,82,77,43,40,74,22,69,82,hermit,1493,1508,1589,1001044|1003001|1003002|1003003|1003004|1003005|1003010|1003016,1536:北条:宗哲|1570:北条:幻庵,,95,1000,4,0,14,,true,見つかりません,,見つかりません,,
1003007,96,松田|憲秀,松田憲秀,北条家,河越城,31,31,81,82,78,45,36,30,28,50,5,17,conservative,1540,1555,1590,,,,82,500,4,0,10,,,見つかりません,,見つかりません,,
1003008,97,千葉|胤富,千葉胤富,北条家,佐倉城,62,53,62,58,55,55,50,50,50,53,52,67,conservative,1527,1542,1579,,,,80,500,4,0,58,,,佐倉城,,見つかりません,,
1003009,98,清水|康英,清水康英,北条家,小田原城,65,67,38,43,49,65,36,30,48,76,72,83,aggressive,1532,1546,1591,,,,95,0,4,0,14,,,見つかりません,,見つかりません,,
1003010,99,北条|氏規,北条氏規,北条家,小田原城,60,58,68,71,73,66,50,50,58,40,55,86,conservative,1545,1560,1600,1001044|1003001|1003002|1003003|1003004|1003005|1003006|1003016,,,80,0,4,0,14,,,見つかりません,,見つかりません,,
1003011,100,大道寺|政繁,大道寺政繁,北条家,河越城,76,76,83,76,68,49,57,60,44,51,38,90,balanced,1533,1546,1590,,,,80,700,4,0,10,,,見つかりません,,見つかりません,,
1003012,101,原|胤貞,原胤貞,北条家,佐倉城,62,57,66,63,56,59,43,40,57,41,55,67,balanced,1512,1527,1571,1003024,,,95,0,4,0,58,,,見つかりません,,見つかりません,,
1003013,102,高城|胤吉,高城胤吉,北条家,佐倉城,69,61,62,56,48,56,36,30,61,36,57,67,balanced,1484,1499,1565,1003014,,,95,0,4,0,58,,,見つかりません,,見つかりません,,
1003014,103,高城|胤辰,高城胤辰,北条家,佐倉城,62,57,51,53,54,53,43,40,61,26,47,60,balanced,1542,1557,1586,1003013,,,95,0,4,0,58,,,見つかりません,,見つかりません,,
1003015,104,安藤|良整,安藤良整,北条家,小田原城,24,26,87,62,44,64,64,70,65,31,60,87,conservative,1531,1546,1594,,,,95,0,4,0,14,,,見つかりません,,見つかりません,,
1003016,105,北条|康成,北条康成,北条家,江戸城,69,73,50,57,66,66,36,30,69,26,63,82,balanced,1536,1551,1578,1001044|1003001|1003002|1003003|1003004|1003005|1003006|1003010,1572:北条:氏繁,,95,0,4,0,67,,,見つかりません,,見つかりません,,
1003017,106,梶原|景宗,梶原景宗,北条家,小田原城,67,61,28,34,50,67,68,76,55,55,65,95,balanced,1533,1548,1590,,,,95,0,4,0,14,,,見つかりません,,見つかりません,,
1003018,107,上田|朝直,上田朝直,北条家,河越城,41,48,66,63,56,50,29,21,43,46,31,12,conservative,1494,1509,1582,1003025,,,90,0,4,0,10,,,見つかりません,,見つかりません,,
1003019,108,石巻|康敬,石巻康敬,北条家,河越城,34,47,66,56,42,59,36,30,50,53,53,91,conservative,1534,1549,1613,,,,95,0,4,0,10,,,見つかりません,,見つかりません,,
1003020,109,板部岡|江雪斎,板部岡江雪斎,北条家,小田原城,13,14,69,89,78,61,50,50,51,32,33,87,conservative,1537,1552,1609,,,,95,0,4,0,14,,,見つかりません,,見つかりません,,
1003021,110,足利|義氏,足利義氏,北条家,小田原城,47,37,44,36,32,78,29,21,51,29,31,36,conservative,1541,1556,1582,,,,90,0,4,0,14,,,見つかりません,,見つかりません,,
1003022,111,多目|元忠,多目元忠,北条家,小田原城,83,70,61,72,82,60,43,40,67,33,67,82,hermit,1519,1534,1590,,,,90,0,4,0,14,,,見つかりません,,見つかりません,,
1003023,112,富永|直勝,富永直勝,北条家,鉢形城,59,77,38,42,54,73,71,80,62,43,67,77,aggressive,1509,1524,1564,,,,90,0,4,0,93,,,見つかりません,,見つかりません,,
1003024,113,原|胤栄,原胤栄,北条家,佐倉城,57,53,56,55,55,59,43,40,53,45,50,68,aggressive,1537,1552,1590,1003012,,,90,0,4,0,58,,,見つかりません,,見つかりません,,
1003025,114,上田|憲定,上田憲定,北条家,鉢形城,36,39,64,52,42,53,29,21,59,37,55,12,conservative,1536,1551,1595,1003018,,,90,0,4,0,93,,,見つかりません,,見つかりません,,
1003026,115,大石|定久,大石定久,北条家,江戸城,43,51,56,55,55,53,29,21,59,37,55,67,conservative,1500,1515,1561,,,,90,0,4,0,67,,,見つかりません,,見つかりません,,
1003027,116,猪俣|邦憲,猪俣邦憲,北条家,鉢形城,49,64,26,38,66,34,36,30,44,51,38,78,balanced,1549,1564,1590,,,,90,0,4,0,93,,,見つかりません,,見つかりません,,
1003028,117,垪和|康忠,垪和康忠,北条家,小田原城,35,41,69,68,63,63,50,50,66,36,67,90,conservative,1542,1557,1595,,,,90,0,4,0,14,,,見つかりません,,見つかりません,,
1004001,118,今川|義元,今川義元,今川家,駿府城,91,73,92,88,88,94,50,50,32,80,44,41,aggressive,1519,1536,1560,1004011|1004021,,imagawa_yoshimoto.webp,100,1500,5,0,13,,,見つかりません,58,治部大輔,,
1004002,119,朝比奈|泰朝,朝比奈泰朝,今川家,曳馬城,71,67,36,45,50,70,50,50,78,40,96,41,balanced,1530,1545,1582,1004033,,,90,0,5,0,12,,,見つかりません,,見つかりません,,
1004004,120,松平|元信,松平元信,松平家,岡崎城,99,88,93,88,91,97,54,56,43,100,85,90,conservative,1542,1555,1616,1004040,1558:松平:元康|1563:松平:家康|1566:徳川:家康,tokugawa_ieyasu.webp,100,1500,41,0,48,11,,岡崎城,,見つかりません,,
1004005,121,岡部|元信,岡部元信,今川家,駿府城,82,76,37,52,65,60,50,50,64,40,67,42,balanced,1527,1542,1581,1004031,,,90,0,5,0,13,,,見つかりません,,見つかりません,,
1004006,122,井伊|直虎,井伊直虎,松平家,岡崎城,75,72,72,80,75,88,54,56,60,50,69,91,conservative,1540,1555,1582,,,,90,0,41,0,48,,,見つかりません,,見つかりません,,
1004008,123,奥平|貞能,奥平貞能,松平家,長篠城,46,49,50,49,66,65,36,30,50,40,40,68,balanced,1537,1552,1598,1004039,,,90,300,41,0,45,,,長篠城,,見つかりません,,
1004009,124,鵜殿|長照,鵜殿長照,今川家,駿府城,52,58,39,38,56,42,50,50,73,10,55,42,conservative,1533,1548,1562,1004038,,,95,500,5,0,13,,,見つかりません,,見つかりません,,
1004010,125,飯尾|連龍,飯尾連龍,今川家,駿府城,42,44,41,43,46,36,50,50,33,66,31,44,balanced,1526,1541,1565,,,,80,0,5,0,13,,,見つかりません,,見つかりません,,
1004011,126,今川|氏真,今川氏真,今川家,駿府城,14,37,60,30,12,40,43,40,68,2,37,41,conservative,1538,1553,1614,1004001|1004021,,,100,700,5,0,13,8,,駿府城,,見つかりません,,
1004012,127,酒井|忠次,酒井忠次,松平家,岡崎城,85,78,63,81,84,73,57,60,74,31,69,88,conservative,1527,1542,1596,,,,95,500,41,0,48,,true,見つかりません,,見つかりません,,
1004013,128,鳥居|元忠,鳥居元忠,松平家,岡崎城,66,74,27,30,43,46,50,50,100,4,97,90,conservative,1539,1554,1600,,,,95,0,41,0,48,,,見つかりません,,見つかりません,,
1004014,129,本多|正信,本多正信,一向一揆,岡崎城,29,28,93,91,92,34,36,30,58,77,53,90,hermit,1538,1557,1616,,,,50,0,0,116,48,,,見つかりません,,見つかりません,,
1004015,130,渡辺|守綱,渡辺守綱,一向一揆,岡崎城,62,84,25,25,35,52,36,30,74,40,69,92,balanced,1542,1557,1620,,,,50,0,0,117,48,,,見つかりません,,見つかりません,,
1004016,131,石川|数正,石川数正,松平家,岡崎城,69,55,79,88,80,78,50,50,43,46,38,96,conservative,1533,1548,1592,1004042,,,85,500,41,0,48,,,見つかりません,,見つかりません,,
1004017,132,服部|半蔵,服部半蔵,松平家,岡崎城,62,86,47,67,83,58,50,50,100,23,95,90,hermit,1542,1557,1596,,,,90,0,41,0,48,,,見つかりません,,見つかりません,,
1004018,133,天野|景貫,天野景貫,今川家,犬居城,55,51,45,47,53,65,50,50,27,65,22,42,balanced,1532,1547,1595,,,,90,0,5,0,54,,,犬居城,,見つかりません,,
1004019,134,本多|忠勝,本多忠勝,松平家,岡崎城,84,99,59,67,73,79,50,50,99,45,94,90,aggressive,1548,1563,1610,,,,95,300,41,0,48,,,見つかりません,,見つかりません,,
1004020,135,葛山|氏元,葛山氏元,今川家,駿府城,29,34,65,54,44,49,36,30,36,61,31,43,balanced,1524,1539,1574,,,,95,700,5,0,13,,,見つかりません,,見つかりません,,
1004021,136,関口|氏純,関口氏純,今川家,駿府城,31,34,62,62,59,59,36,30,70,39,65,43,conservative,1523,1538,1562,1004001|1004011,,,90,700,5,0,13,,true,見つかりません,,見つかりません,,
1004022,137,安倍|元真,安倍元真,松平家,岡崎城,51,53,42,48,59,52,50,50,58,51,53,43,balanced,1513,1528,1587,,,,90,0,41,0,48,,,高天神城,,見つかりません,,
1004023,138,本多|重次,本多重次,松平家,岡崎城,58,65,68,56,39,54,50,50,67,44,78,89,aggressive,1529,1544,1596,,,,90,0,41,0,48,,,見つかりません,,見つかりません,,
1004024,139,平岩|親吉,平岩親吉,松平家,岡崎城,48,49,73,67,60,64,36,30,84,21,89,90,conservative,1542,1557,1611,,,,90,0,41,0,48,,,見つかりません,,見つかりません,,
1004025,140,板倉|勝重,板倉勝重,松平家,岡崎城,28,31,89,93,78,55,57,60,77,21,75,92,aggressive,1545,1560,1624,,,,90,0,41,0,48,,,見つかりません,,見つかりません,,
1004026,141,高力|清長,高力清長,松平家,岡崎城,77,65,82,86,73,74,50,50,78,14,69,92,conservative,1530,1545,1608,,,,90,0,41,0,48,,,見つかりません,,見つかりません,,
1004027,142,大久保|忠世,大久保忠世,松平家,長篠城,71,71,40,53,70,65,50,50,73,40,86,94,balanced,1532,1547,1594,1004028|1004029|1004035|1004043,,,90,0,41,0,45,,,見つかりません,,見つかりません,,
1004028,143,大久保|忠佐,大久保忠佐,松平家,長篠城,66,76,37,47,61,71,50,50,67,45,78,94,aggressive,1537,1552,1613,1004027|1004029|1004035|1004043,,,90,0,41,0,45,,,見つかりません,,見つかりません,,
1004029,144,大久保|忠員,大久保忠員,松平家,長篠城,64,55,45,51,55,73,50,50,59,63,80,90,conservative,1511,1526,1583,1004027|1004028|1004035|1004043,,,90,0,41,0,45,,,見つかりません,,見つかりません,,
1004030,145,菅沼|定盈,菅沼定盈,松平家,岡崎城,52,62,54,56,56,64,36,30,52,42,46,44,balanced,1543,1558,1604,,,,90,0,41,0,48,,,見つかりません,,見つかりません,,
1004031,146,岡部|正綱,岡部正綱,今川家,駿府城,58,51,62,58,50,63,50,50,47,43,37,26,conservative,1542,1557,1583,1004005,,,90,0,5,0,13,,,見つかりません,,見つかりません,,
1004032,147,伊丹|康直,伊丹康直,今川家,駿府城,53,60,45,50,59,59,57,60,50,55,55,46,balanced,1523,1538,1596,,,,95,0,5,0,13,,,見つかりません,,見つかりません,,
1004033,148,朝比奈|信置,朝比奈信置,今川家,曳馬城,61,65,36,40,49,64,50,50,39,63,41,50,balanced,1528,1543,1582,1004002,,,90,0,5,0,12,,,曳馬城,,見つかりません,,
1004034,149,岡部|親綱,岡部親綱,今川家,駿府城,53,73,53,57,62,63,50,50,61,40,61,36,aggressive,1498,1513,1562,,,,90,0,5,0,13,,,見つかりません,,見つかりません,,
1004035,150,大久保|忠俊,大久保忠俊,松平家,長篠城,46,48,63,61,57,63,50,50,61,40,61,90,conservative,1499,1514,1581,1004027|1004028|1004029|1004043,,,90,0,41,0,45,,,見つかりません,,見つかりません,,
1004036,151,長坂|信政,長坂信政,松平家,岡崎城,61,81,25,32,55,63,50,50,66,36,67,95,aggressive,1519,1534,1572,,,,90,0,41,0,48,,,見つかりません,,見つかりません,,
1004037,152,伊奈|忠次,伊奈忠次,松平家,岡崎城,27,33,87,56,32,49,43,40,71,30,72,81,aggressive,1550,1565,1610,,,,90,0,41,0,48,,,見つかりません,,見つかりません,,
1004038,153,鵜殿|氏長,鵜殿氏長,松平家,岡崎城,32,28,43,37,37,34,50,50,51,48,50,27,balanced,1549,1564,1624,1004009,,,90,0,41,0,48,,,見つかりません,,見つかりません,,
1004039,154,奥平|信昌,奥平信昌,松平家,長篠城,73,75,36,53,74,46,36,30,54,43,50,68,conservative,1555,1570,1615,1004008,,,80,0,41,0,45,,,見つかりません,,見つかりません,,
1004040,155,松平|信康,松平信康,松平家,岡崎城,74,85,52,53,65,60,43,40,62,37,61,90,aggressive,1559,1567,1579,1004004,,,95,500,41,0,48,,,見つかりません,,見つかりません,,
1004041,156,青山|忠成,青山忠成,松平家,岡崎城,40,43,65,61,56,38,50,50,56,44,55,80,conservative,1551,1566,1613,,,,90,0,41,0,48,,,見つかりません,,見つかりません,,
1004042,157,石川|家成,石川家成,松平家,岡崎城,52,61,58,59,60,63,50,50,61,40,61,89,aggressive,1534,1549,1609,1004016,,,90,0,41,0,48,,,見つかりません,,見つかりません,,
1004043,158,大久保|忠隣,大久保忠隣,松平家,岡崎城,44,39,74,52,35,40,57,60,50,50,50,80,conservative,1553,1568,1628,1004027|1004028|1004029|1004035,,,90,0,41,0,48,,,見つかりません,,見つかりません,,
1004044,159,内藤|清成,内藤清成,松平家,岡崎城,37,45,73,68,60,62,50,50,51,48,50,80,conservative,1555,1570,1608,,,,90,0,41,0,48,,,見つかりません,,見つかりません,,
1004045,160,榊原|康政,榊原康政,松平家,岡崎城,84,83,49,61,82,67,50,50,61,40,61,90,aggressive,1548,1563,1606,,,,90,300,41,0,48,,,見つかりません,,見つかりません,,
1004046,161,井伊|直政,井伊直政,松平家,岡崎城,88,91,80,86,84,74,68,75,52,50,55,90,balanced,1561,1576,1602,,,,90,300,41,0,48,,,見つかりません,,見つかりません,,
1005001,162,斎藤|利尚,斎藤利尚,一色家,稲葉山城,77,76,58,65,69,60,25,15,11,90,11,34,balanced,1527,1542,1561,1005011|1005022,1555:斎藤:高政|1559:一色:義龍,saitou_yoshitatsu.webp,100,1000,6,0,3,,,見つかりません,,見つかりません,,
1005002,163,稲葉|良通,稲葉良通,一色家,大垣城,76,70,69,71,78,70,54,56,41,60,41,96,balanced,1515,1530,1588,1005014|1005019,1574:稲葉:一鉄,,75,500,6,0,36,,,大垣城,,見つかりません,,
1005004,165,竹中|重治,竹中重治,一色家,稲葉山城,86,70,57,77,99,88,71,80,74,30,78,8,hermit,1544,1559,1579,,,,70,0,6,0,3,,,見つかりません,,見つかりません,,
1005005,166,安藤|守就,安藤守就,一色家,郡上八幡城,55,61,58,65,75,60,50,50,41,55,36,88,balanced,1523,1538,1582,,,,75,500,6,0,50,,,郡上八幡城,,見つかりません,,
1005006,167,桑原|直元,桑原直元,一色家,大垣城,66,70,54,54,70,55,54,56,43,60,45,3,balanced,1513,1528,1571,1005008,1559:氏家:直元|1567:氏家:卜全,,70,500,6,0,36,,,見つかりません,,見つかりません,,
1005007,168,斎藤|利三,斎藤利三,一色家,稲葉山城,81,78,50,61,65,55,50,50,54,50,58,56,aggressive,1534,1549,1582,,,,70,0,6,0,3,,,見つかりません,,見つかりません,,
1005008,169,氏家|行広,氏家行広,一色家,大垣城,52,61,41,41,45,53,50,50,50,54,53,11,balanced,1546,1561,1615,1005006,,,75,0,6,0,36,,,見つかりません,,見つかりません,,
1005009,170,日根野|弘就,日根野弘就,一色家,稲葉山城,47,70,43,45,49,52,50,50,29,69,27,47,balanced,1520,1535,1602,,1566:延永:弘就,,75,0,6,0,3,,true,見つかりません,,見つかりません,,
1005010,171,不破|光治,不破光治,一色家,稲葉山城,73,72,53,61,68,48,43,40,60,50,70,90,balanced,1521,1536,1583,,,,75,0,6,0,3,,,見つかりません,,見つかりません,,
1005011,172,斎藤|龍興,斎藤龍興,一色家,稲葉山城,31,39,23,36,32,26,25,15,34,61,29,34,aggressive,1548,1562,1573,1005001|1005022,1559:一色:龍興,,95,500,6,0,3,,,稲葉山城,,見つかりません,,
1005012,173,小牧|源太,小牧源太,一色家,稲葉山城,41,67,30,36,50,63,50,50,65,36,66,71,aggressive,1527,1542,1572,,,,75,0,6,0,3,,,見つかりません,,見つかりません,,
1005013,174,原|長頼,原長頼,一色家,稲葉山城,65,69,42,47,56,72,57,60,48,65,61,91,aggressive,1544,1559,1600,,,,75,0,6,0,3,,,見つかりません,,見つかりません,,
1005014,175,稲葉|貞通,稲葉貞通,一色家,大垣城,50,60,55,49,45,52,50,50,52,34,38,95,balanced,1546,1561,1603,1005002|1005019,,,75,0,6,0,36,,,見つかりません,,見つかりません,,
1005015,176,加藤|光泰,加藤光泰,一色家,稲葉山城,39,36,45,42,44,34,57,60,57,50,63,16,balanced,1537,1552,1593,,,,75,0,6,0,3,,,見つかりません,,見つかりません,,
1005016,177,土岐|頼次,土岐頼次,一色家,稲葉山城,36,37,54,49,33,21,29,21,73,10,55,93,conservative,1545,1560,1614,1005018,,,75,0,6,0,3,,,見つかりません,,見つかりません,,
1005018,179,土岐|頼元,土岐頼元,一色家,郡上八幡城,24,25,48,45,47,54,29,21,64,33,61,93,balanced,1549,1564,1608,1005016,,,80,0,6,0,50,,,見つかりません,,見つかりません,,
1005019,180,稲葉|重通,稲葉重通,一色家,大垣城,73,62,61,64,64,64,54,55,60,41,61,96,balanced,1544,1559,1598,1005002|1005014,,,75,0,6,0,36,,,見つかりません,,見つかりません,,
1005020,181,可児|吉長,可児吉長,一色家,郡上八幡城,55,86,23,25,62,65,50,50,51,48,50,77,aggressive,1554,1569,1613,,,,80,0,6,0,50,,,見つかりません,,見つかりません,,
1005021,182,織田|信安,織田信安,一色家,稲葉山城,34,33,42,44,52,56,40,35,43,52,38,46,balanced,1502,1517,1591,,,,90,0,6,0,3,,,見つかりません,,見つかりません,,
1005022,563,長井|規秀,長井規秀,一色家,稲葉山城,76,95,82,84,95,69,50,50,26,58,10,80,aggressive,1494,1509,1556,1005001|1005011,1535:斎藤:利政|1549:斎藤:道三,,100,0,6,0,3,,,見つかりません,,見つかりません,,
1006001,183,織田|信長,織田信長,織田家,清州城,99,83,100,86,92,97,85,100,20,100,40,0,aggressive,1534,1546,1582,1006011|1006012|1006034|1006050|1006051|1006052|1006053|1006054,,oda_nobunaga.webp,100,1500,1,0,7,1,,清州城,,見つかりません,,
1006002,184,柴田|勝家,柴田勝家,織田家,犬山城,91,93,65,68,69,82,32,25,56,60,72,85,aggressive,1522,1537,1583,1006063,,,95,500,1,0,73,,,犬山城,,見つかりません,,
1006003,185,丹羽|長秀,丹羽長秀,織田家,犬山城,81,73,84,78,76,75,67,74,64,50,78,0,balanced,1535,1550,1585,,1575:惟住:長秀,,96,200,1,0,73,,true,見つかりません,,見つかりません,,
1006004,186,木下|秀吉,木下秀吉,織田家,清州城,95,80,95,92,97,93,78,90,23,100,45,10,aggressive,1537,1552,1598,1006027,1572:羽柴:秀吉,hashiba_hideyoshi.webp,95,0,1,0,7,,,見つかりません,,見つかりません,,
1006005,187,前田|利家,前田利家,織田家,名古屋城,80,86,80,75,63,85,64,70,55,70,80,90,aggressive,1538,1553,1599,1006021|1006046,,,95,0,1,0,11,9,,見つかりません,,見つかりません,,
1006006,188,佐久間|信盛,佐久間信盛,織田家,鳴海城,78,66,55,48,74,51,32,25,53,40,45,13,conservative,1527,1542,1581,1006023|1006028|1006031|1006032,,,85,700,1,0,57,,,鳴海城,,見つかりません,,
1006007,189,滝川|一益,滝川一益,織田家,名古屋城,89,82,62,75,89,72,71,80,54,60,67,0,aggressive,1525,1540,1586,1006026,,,90,0,1,0,11,,,見つかりません,,見つかりません,,
1006008,190,林|秀貞,林秀貞,織田家,名古屋城,40,46,68,76,73,56,36,30,71,40,41,78,conservative,1514,1529,1580,,,,85,700,1,0,11,,,名古屋城,,見つかりません,,
1006009,191,河尻|秀隆,河尻秀隆,織田家,清州城,69,78,60,58,55,31,57,60,50,49,48,0,aggressive,1527,1542,1582,1006044,,,95,0,1,0,7,,,見つかりません,,見つかりません,,
1006010,192,佐々|成政,佐々成政,織田家,清州城,78,82,64,63,58,52,71,80,45,71,61,85,aggressive,1536,1551,1588,,,,95,0,1,0,7,,,見つかりません,,見つかりません,,
1006011,193,織田|信包,織田信包,織田家,清州城,66,53,55,44,52,50,50,50,60,34,53,1,conservative,1543,1558,1614,1006001|1006012|1006034|1006050|1006051|1006052|1006053|1006054,,,95,0,1,0,7,,,見つかりません,,見つかりません,,
1006012,194,織田|長益,織田長益,織田家,清州城,32,23,64,50,41,41,75,86,46,39,31,1,conservative,1547,1562,1621,1006001|1006011|1006034|1006050|1006051|1006052|1006053|1006054,,,95,0,1,0,7,,,見つかりません,,見つかりません,,
1006013,195,森|可成,森可成,織田家,犬山城,70,83,44,51,60,59,64,70,78,26,81,1,conservative,1523,1538,1570,,,,95,0,1,0,73,,,見つかりません,,見つかりません,,
1006014,196,村井|貞勝,村井貞勝,織田家,清州城,28,16,90,95,65,75,61,66,69,24,61,0,conservative,1520,1535,1582,,,,95,0,1,0,7,,,見つかりません,,見つかりません,,
1006015,197,池田|恒興,池田恒興,織田家,犬山城,72,68,64,58,63,49,64,70,67,25,58,0,conservative,1536,1551,1584,,,,95,0,1,0,73,,,見つかりません,,見つかりません,,
1006016,198,塙|直政,塙直政,織田家,名古屋城,56,64,67,54,42,64,64,70,48,65,61,0,balanced,1532,1547,1576,,,,95,0,1,0,11,,,見つかりません,,見つかりません,,
1006017,199,蜂屋|頼隆,蜂屋頼隆,織田家,犬山城,55,66,36,38,44,52,64,70,50,58,58,1,balanced,1534,1549,1589,,,,95,0,1,0,73,,,見つかりません,,見つかりません,,
1006018,200,簗田|政綱,簗田政綱,織田家,鳴海城,39,60,59,65,72,57,50,50,31,55,26,12,balanced,1532,1547,1579,,,,95,0,1,0,57,,,見つかりません,,見つかりません,,
1006019,201,毛利|長秀,毛利長秀,織田家,清州城,60,53,33,35,32,57,50,50,56,29,51,18,balanced,1541,1556,1593,,1587:羽柴:秀頼,,95,0,1,0,7,,,見つかりません,,見つかりません,,
1006020,202,毛利|新助,毛利新助,織田家,清州城,52,65,46,45,45,63,50,50,63,35,58,3,aggressive,1535,1550,1582,,,,95,0,1,0,7,,,見つかりません,,見つかりません,,
1006021,203,前田|利益,前田利益,織田家,名古屋城,65,93,34,45,62,96,78,90,58,80,95,10,hermit,1543,1558,1612,1006005|1006046,,,80,0,1,0,11,,,見つかりません,,見つかりません,,
1006022,204,金森|可近,金森可近,織田家,犬山城,61,56,59,63,63,61,50,50,46,56,47,94,conservative,1525,1540,1608,,1575:金森:長近,,95,0,1,0,73,,,見つかりません,,見つかりません,,
1006023,205,佐久間|盛重,佐久間盛重,織田家,名古屋城,62,74,40,48,54,49,32,25,72,54,97,0,aggressive,1519,1534,1560,1006006|1006028|1006031|1006032,,,95,0,1,0,11,,,見つかりません,,見つかりません,,
1006024,206,奥村|永福,奥村永福,織田家,名古屋城,63,57,55,55,48,52,36,30,63,55,81,4,conservative,1542,1557,1624,,,,95,0,1,0,11,,,見つかりません,,見つかりません,,
1006026,207,滝川|益重,滝川益重,織田家,名古屋城,64,71,37,36,37,68,75,86,62,31,55,1,aggressive,1523,1538,1592,1006007,,,95,0,1,0,11,,,見つかりません,,見つかりません,,
1006027,208,木下|長秀,木下長秀,織田家,清州城,84,78,70,76,77,86,68,76,71,26,87,10,conservative,1540,1555,1591,1006004,1575:羽柴:長秀|1584:羽柴:秀長,,95,0,1,0,7,,,見つかりません,,見つかりません,,
1006028,209,佐久間|盛政,佐久間盛政,織田家,名古屋城,74,89,40,51,68,58,33,26,54,42,50,85,aggressive,1553,1568,1583,1006006|1006023|1006031|1006032,,,90,0,1,0,11,,,見つかりません,,見つかりません,,
1006029,210,戸田|勝成,戸田勝成,織田家,清州城,69,71,36,43,56,70,64,70,73,33,78,9,aggressive,1553,1568,1600,,,,90,0,1,0,7,,,見つかりません,,見つかりません,,
1006030,211,本多|利久,本多利久,織田家,清州城,50,50,47,42,42,62,50,50,56,44,55,22,aggressive,1535,1550,1603,1006047,,,90,0,1,0,7,,,見つかりません,,見つかりません,,
1006031,212,佐久間|勝政,佐久間勝政,織田家,名古屋城,52,67,39,41,51,54,33,26,54,42,50,85,aggressive,1554,1569,1597,1006006|1006023|1006028|1006032,,,90,0,1,0,11,,,見つかりません,,見つかりません,,
1006032,213,佐久間|安政,佐久間安政,織田家,名古屋城,43,60,38,37,44,55,33,26,59,38,55,85,aggressive,1555,1570,1627,1006006|1006023|1006028|1006031,,,90,0,1,0,11,,,見つかりません,,見つかりません,,
1006033,214,遠藤|慶隆,遠藤慶隆,織田家,清州城,45,53,47,43,44,62,50,50,51,48,50,89,aggressive,1550,1565,1632,,,,90,0,1,0,7,,,見つかりません,,見つかりません,,
1006034,215,津田|信澄,織田信澄,織田家,清州城,59,65,50,45,47,63,50,50,66,36,67,79,aggressive,1555,1570,1582,1006001|1006011|1006012|1006050|1006051|1006052|1006053|1006054,,,90,0,1,0,7,,,見つかりません,,見つかりません,,
1006035,216,村井|長頼,村井長頼,織田家,清州城,58,61,55,54,55,63,43,40,62,37,61,0,balanced,1543,1558,1605,,,,90,0,1,0,7,,,見つかりません,,見つかりません,,
1006036,217,毛受|勝照,毛受勝照,織田家,清州城,52,67,27,27,40,42,36,30,78,23,78,85,balanced,1551,1566,1583,,,,90,0,1,0,7,,,見つかりません,,見つかりません,,
1006037,218,拝郷|家嘉,拝郷家嘉,織田家,清州城,48,71,43,46,55,58,47,45,66,34,67,85,balanced,1549,1564,1583,,,,90,0,1,0,7,,,見つかりません,,見つかりません,,
1006038,219,溝口|秀勝,溝口秀勝,織田家,清州城,49,52,55,55,57,65,50,50,56,44,55,96,balanced,1548,1563,1610,,,,90,0,1,0,7,,,見つかりません,,見つかりません,,
1006039,220,堀|秀政,堀秀政,織田家,清州城,86,81,80,77,86,58,71,80,62,43,67,2,conservative,1553,1568,1590,,,,90,0,1,0,7,,,見つかりません,,見つかりません,,
1006040,221,浅野|長政,浅野長政,織田家,清州城,44,46,82,73,62,60,64,70,53,49,55,2,conservative,1547,1562,1611,,,,90,0,1,0,7,,,見つかりません,,見つかりません,,
1006041,222,増田|長盛,増田長盛,織田家,清州城,45,42,88,88,58,42,71,80,48,55,50,23,conservative,1545,1560,1615,,,,90,0,1,0,7,,,見つかりません,,見つかりません,,
1006042,223,斯波|義冬,斯波義冬,織田家,名古屋城,39,37,58,55,52,52,26,16,60,36,55,18,conservative,1543,1558,1584,1006043,,,90,0,1,0,11,,,見つかりません,,見つかりません,,
1006043,224,斯波|義銀,斯波義銀,織田家,名古屋城,26,31,37,32,35,51,26,16,50,43,44,22,balanced,1540,1555,1600,1006042,,,90,0,1,0,11,,,見つかりません,,見つかりません,,
1006044,225,河尻|秀長,河尻秀長,織田家,清州城,37,58,30,30,41,66,57,60,59,42,61,1,balanced,1554,1569,1600,1006009,,,90,0,1,0,7,,,見つかりません,,見つかりません,,
1006045,226,桑山|重晴,桑山重晴,織田家,清州城,48,50,52,50,51,53,29,21,55,40,50,10,balanced,1524,1539,1606,,,,90,0,1,0,7,,,見つかりません,,見つかりません,,
1006046,227,前田|利久,前田利久,織田家,清州城,55,52,61,66,68,64,50,50,70,32,72,0,conservative,1537,1552,1587,1006005|1006021,,,95,0,1,0,7,,,見つかりません,,見つかりません,,
1006047,228,本多|利朝,本多利朝,織田家,清州城,41,41,48,47,51,62,50,50,56,44,55,21,conservative,1551,1566,1610,1006030,,,90,0,1,0,7,,,見つかりません,,見つかりません,,
1006048,229,飯尾|定宗,飯尾定宗,織田家,清州城,51,73,46,51,59,54,29,21,74,25,72,0,aggressive,1512,1527,1560,,,,90,0,1,0,7,,,見つかりません,,見つかりません,,
1006049,230,小出|秀政,小出秀政,織田家,名古屋城,62,47,64,69,71,72,71,80,52,52,55,25,aggressive,1540,1555,1604,,,,90,0,1,0,11,,,見つかりません,,見つかりません,,
1006050,564,織田|信秀,織田信秀,織田家,清州城,70,88,91,83,88,55,57,60,30,55,15,0,aggressive,1511,1526,1551,1006001|1006011|1006012|1006034|1006051|1006052|1006053|1006054,,,100,0,1,0,7,,,見つかりません,,見つかりません,,
1006051,569,織田|信忠,織田信忠,織田家,清州城,81,74,70,67,72,78,75,85,56,49,61,0,conservative,1557,1572,1582,1006001|1006011|1006012|1006034|1006050|1006052|1006053|1006054,,,95,300,1,0,7,,,見つかりません,,見つかりません,,
1006052,570,織田|信雄,織田信雄,織田家,清州城,40,37,56,37,30,36,50,50,36,60,32,96,aggressive,1558,1573,1630,1006001|1006011|1006012|1006034|1006050|1006051|1006053|1006054,,,95,300,1,0,7,,,見つかりません,,見つかりません,,
1006053,571,織田|信孝,織田信孝,織田家,清州城,55,62,49,38,35,44,43,40,42,53,38,92,aggressive,1558,1573,1583,1006001|1006011|1006012|1006034|1006050|1006051|1006052|1006054,,,95,300,1,0,7,,,見つかりません,,見つかりません,,
1006054,572,織田|秀信,織田秀信,織田家,清州城,38,44,49,36,32,79,71,80,62,43,67,1,conservative,1580,1595,1605,1006001|1006011|1006012|1006034|1006050|1006051|1006052|1006053,,,95,300,1,0,7,,,見つかりません,,見つかりません,,
1006055,573,石田|三成,石田三成,織田家,佐和山城,70,63,97,90,78,83,36,30,63,35,61,20,aggressive,1560,1575,1600,,,,95,0,1,0,28,,,見つかりません,,見つかりません,,
1006056,574,大谷|吉継,大谷吉継,織田家,佐和山城,90,70,78,81,89,76,50,50,70,32,72,15,balanced,1559,1574,1600,,,,95,0,1,0,28,,,見つかりません,,見つかりません,,
1006057,575,加藤|清正,加藤清正,織田家,清州城,81,88,69,71,79,79,64,70,53,49,55,99,aggressive,1562,1577,1611,,,,95,0,1,0,7,,,見つかりません,,見つかりません,,
1006058,576,福島|正則,福島正則,織田家,清州城,79,90,52,53,69,76,75,85,56,49,61,97,aggressive,1561,1576,1624,,,,95,0,1,0,7,,,見つかりません,,見つかりません,,
1006059,577,加藤|嘉明,加藤嘉明,織田家,佐和山城,78,74,53,54,78,69,75,85,51,53,55,5,balanced,1563,1578,1631,,,,95,0,1,0,28,,,見つかりません,,見つかりません,,
1006060,578,片桐|且元,片桐且元,織田家,佐和山城,51,64,58,51,47,32,36,30,63,35,61,5,conservative,1556,1571,1615,,,,95,0,1,0,28,,,見つかりません,,見つかりません,,
1006061,579,平野|長泰,平野長泰,織田家,清州城,51,66,41,41,49,69,61,65,54,48,55,15,balanced,1559,1574,1628,,,,95,0,1,0,7,,,見つかりません,,見つかりません,,
1006062,580,糟屋|武則,糟屋武則,織田家,姫路城,59,67,39,37,43,69,64,70,53,49,55,15,aggressive,1562,1577,1607,,,,95,0,1,0,86,,,見つかりません,,見つかりません,,
1006063,581,柴田|勝豊,柴田勝豊,織田家,清州城,26,38,44,31,31,24,33,26,54,42,50,85,conservative,1556,1571,1583,1006002,,,95,0,1,0,7,,,見つかりません,,見つかりません,,
1007001,231,朝倉|延景,朝倉延景,朝倉家,一乗谷城,67,39,63,73,54,29,25,15,17,50,3,50,conservative,1533,1548,1573,1007002|1007003|1007008,1552:朝倉:義景,asakura_yoshikage.webp,100,1500,7,0,16,,,一乗谷城,47,左衛門督,,
1007002,232,朝倉|景紀,朝倉景紀,朝倉家,朝倉山城,64,59,56,56,51,56,25,15,50,50,50,52,conservative,1503,1518,1572,1007001|1007003|1007004|1007008,,,90,500,7,0,76,,,朝倉山城,,見つかりません,,
1007003,233,朝倉|景鏡,朝倉景鏡,朝倉家,一乗谷城,60,51,46,57,71,44,25,15,18,71,7,21,aggressive,1525,1540,1574,1007001|1007002|1007008,1574:土橋:信鏡,,75,500,7,0,16,,true,見つかりません,,見つかりません,,
1007004,234,朝倉|景健,朝倉景健,朝倉家,朝倉山城,63,65,36,35,36,45,29,21,39,40,18,72,balanced,1536,1551,1575,1007002,,,90,0,7,0,76,,,見つかりません,,見つかりません,,
1007005,235,真柄|直澄,真柄直澄,朝倉家,金ヶ崎城,56,79,31,29,41,41,29,21,64,65,93,50,aggressive,1538,1553,1570,1007006,,,95,0,7,0,18,,,見つかりません,,見つかりません,,
1007006,236,真柄|直隆,真柄直隆,朝倉家,金ヶ崎城,48,83,26,30,45,42,29,21,64,66,93,50,aggressive,1536,1551,1570,1007005,,,95,0,7,0,18,,,見つかりません,,見つかりません,,
1007007,237,魚住|景固,魚住景固,朝倉家,金ヶ崎城,29,34,65,52,32,50,29,21,42,49,37,53,conservative,1531,1546,1574,,,,90,0,7,0,18,,,金ヶ崎城,,見つかりません,,
1007008,238,朝倉|景隆,朝倉景隆,朝倉家,亥山城,55,61,49,44,40,53,29,21,60,36,56,52,balanced,1494,1509,1571,1007001|1007002|1007003,,,95,0,7,0,75,,,亥山城,,見つかりません,,
1007009,239,河合|吉統,河合吉統,朝倉家,亥山城,40,41,68,65,60,55,36,30,84,11,78,51,balanced,1521,1536,1573,,,,95,0,7,0,75,,,見つかりません,,見つかりません,,
1007010,240,富田|景政,富田景政,朝倉家,一乗谷城,53,86,29,26,36,51,29,21,68,23,58,4,balanced,1525,1540,1594,1007015,,,90,0,7,0,16,,,見つかりません,,見つかりません,,
1007011,241,前波|吉継,前波吉継,朝倉家,一乗谷城,29,38,54,58,62,56,50,50,39,64,42,72,balanced,1541,1556,1574,,1574:桂田:長俊,,75,0,7,0,16,,,見つかりません,,見つかりません,,
1007012,242,山崎|吉家,山崎吉家,朝倉家,一乗谷城,72,45,71,73,68,57,36,30,72,27,72,51,aggressive,1516,1531,1573,1007014,,,90,0,7,0,16,,,見つかりません,,見つかりません,,
1007013,243,溝江|長逸,溝江長逸,朝倉家,一乗谷城,41,40,43,50,60,52,26,16,60,36,55,58,conservative,1539,1554,1574,,,,90,0,7,0,16,,,見つかりません,,見つかりません,,
1007014,244,山崎|長徳,山崎長徳,朝倉家,一乗谷城,42,46,36,34,41,37,36,30,44,51,38,69,conservative,1552,1567,1620,1007012,,,90,0,7,0,16,,,見つかりません,,見つかりません,,
1007015,245,富田|重政,富田重政,朝倉家,一乗谷城,51,80,30,35,52,38,29,21,79,21,78,3,balanced,1554,1569,1625,1007010,,,90,0,7,0,16,,,見つかりません,,見つかりません,,
1007016,246,富田|長繁,富田長繁,朝倉家,一乗谷城,40,62,24,24,29,52,29,21,45,49,38,25,aggressive,1551,1566,1574,,,,90,0,7,0,16,,,見つかりません,,見つかりません,,
1007017,247,堀江|景忠,堀江景忠,朝倉家,亥山城,64,50,59,61,60,61,50,50,46,52,44,53,aggressive,1527,1542,1576,,,,90,0,7,0,75,,,見つかりません,,見つかりません,,
1008001,248,畠山|義綱,畠山義綱,畠山家,七尾城,62,54,62,66,66,65,50,50,57,65,79,83,balanced,1536,1551,1593,1008002,,,95,1500,8,0,17,,,七尾城,55,修理大夫,,
1008002,249,畠山|義続,畠山義続,畠山家,七尾城,50,45,62,48,27,18,36,30,47,55,48,83,balanced,1518,1533,1590,1008001,,,90,0,8,0,17,,,見つかりません,,見つかりません,,
1008003,250,温井|景隆,温井景隆,畠山家,七尾城,47,43,54,61,68,64,25,15,27,72,25,88,aggressive,1533,1548,1582,,,,85,500,8,0,17,,true,見つかりません,,見つかりません,,
1008004,251,長|続連,長続連,畠山家,松波城,58,50,61,66,67,21,36,30,33,76,42,77,balanced,1518,1533,1577,1008007,,,75,500,8,0,72,,,松波城,,見つかりません,,
1008005,252,遊佐|続光,遊佐続光,畠山家,松波城,48,51,64,70,72,52,25,15,17,77,11,84,balanced,1527,1542,1581,1008009,,,80,0,8,0,72,,,見つかりません,,見つかりません,,
1008006,253,三善|一守,三善一守,畠山家,七尾城,51,53,41,41,48,62,50,50,51,48,50,68,balanced,1547,1562,1615,,,,80,0,8,0,17,,,見つかりません,,見つかりません,,
1008007,254,長|連龍,長連龍,畠山家,松波城,55,55,56,58,61,42,36,30,63,35,61,77,conservative,1546,1561,1619,1008004,,,80,0,8,0,72,,,見つかりません,,見つかりません,,
1008008,255,畠山|義慶,畠山義慶,畠山家,七尾城,41,46,47,34,32,63,50,50,61,40,61,85,balanced,1556,1566,1574,,,,90,0,8,0,17,,,見つかりません,,見つかりません,,
1008009,256,遊佐|盛光,遊佐盛光,畠山家,松波城,33,33,48,53,60,50,26,16,45,47,38,84,balanced,1547,1562,1581,1008005,,,80,0,8,0,72,,,見つかりません,,見つかりません,,
1009001,257,筒井|順慶,筒井順慶,筒井家,筒井城,54,42,80,81,68,70,50,50,46,50,42,5,conservative,1549,1550,1584,1009005|1009009,,,100,1000,9,0,53,,,筒井城,,見つかりません,,
1009002,258,島|清興,島清興,筒井家,筒井城,88,91,46,61,79,88,50,50,65,65,94,15,balanced,1540,1555,1600,,,,95,0,9,0,53,,,見つかりません,,見つかりません,,
1009003,259,井戸|良弘,井戸良弘,筒井家,筒井城,51,53,47,54,66,65,50,50,40,61,35,15,balanced,1533,1548,1612,,,,90,0,9,0,53,,,見つかりません,,見つかりません,,
1009004,260,箸尾|高春,箸尾高春,筒井家,筒井城,47,52,58,57,55,63,50,50,45,52,40,5,conservative,1546,1561,1620,,,,85,0,9,0,53,,,見つかりません,,見つかりません,,
1009005,261,慈明寺|順国,慈明寺順国,筒井家,筒井城,41,28,63,67,71,68,25,15,61,70,56,3,balanced,1531,1546,1580,1009001|1009009,1572:筒井:順国,,95,0,9,0,53,,,見つかりません,,見つかりません,,
1009006,262,森|好之,森好之,筒井家,筒井城,37,37,71,67,71,58,50,50,63,28,54,11,conservative,1518,1533,1590,,,,80,500,9,0,53,,,見つかりません,,見つかりません,,
1009007,263,松倉|重信,松倉重信,筒井家,筒井城,45,49,72,80,73,65,50,50,54,60,68,6,balanced,1543,1558,1593,,,,95,500,9,0,53,,true,見つかりません,,見つかりません,,
1009008,264,十市|遠勝,十市遠勝,筒井家,筒井城,51,61,39,46,59,52,26,16,60,36,55,37,aggressive,1530,1545,1569,,,,90,0,9,0,53,,,見つかりません,,見つかりません,,
1009009,265,筒井|順政,筒井順政,筒井家,筒井城,55,29,69,65,59,54,29,21,64,33,61,8,hermit,1524,1539,1564,1009001|1009005,,,95,0,9,0,53,,,見つかりません,,見つかりません,,
1010001,266,三木|光頼,三木光頼,三木家,松倉城,70,65,69,71,68,60,22,11,46,55,47,48,balanced,1540,1555,1587,1010002|1010003|1010004|1010005|1010006|1010007|1010008|1010010,1560:三木:自綱|1562:姉小路:頼綱,,100,1000,10,0,29,,,松倉城,,見つかりません,,
1010002,267,三木|顕綱,三木顕綱,三木家,松倉城,48,51,45,52,63,55,22,11,37,56,32,53,balanced,1544,1559,1583,1010001|1010003|1010004|1010005|1010006|1010007|1010008|1010010,,,70,500,10,0,29,,,見つかりません,,見つかりません,,
1010003,268,三木|国綱,三木国綱,三木家,松倉城,29,44,45,52,62,46,22,11,26,60,12,47,balanced,1546,1561,1585,1010001|1010002|1010004|1010005|1010006|1010007|1010008|1010010,,,95,0,10,0,29,,,見つかりません,,見つかりません,,
1010004,595,三木|直頼,三木直頼,三木家,松倉城,65,58,72,69,63,50,26,16,40,52,32,48,balanced,1497,1512,1554,1010001|1010002|1010003|1010005|1010006|1010007|1010008|1010010,,,95,0,10,0,29,,,見つかりません,,見つかりません,,
1010005,596,三木|良頼,三木良頼,三木家,松倉城,58,58,59,59,59,48,26,16,43,50,35,48,aggressive,1516,1531,1572,1010001|1010002|1010003|1010004|1010006|1010007|1010008|1010010,1562:姉小路:嗣頼,,95,0,10,0,29,,,見つかりません,,見つかりません,,
1010006,597,姉小路|信綱,姉小路信綱,三木家,松倉城,48,49,33,30,42,57,22,11,48,60,55,53,balanced,1559,1574,1583,1010001|1010002|1010003|1010004|1010005|1010007|1010008|1010010,,,85,0,10,0,29,,,見つかりません,,見つかりません,,
1010007,598,姉小路|秀綱,姉小路秀綱,三木家,松倉城,57,51,42,46,32,52,26,16,66,31,62,48,balanced,1561,1576,1585,1010001|1010002|1010003|1010004|1010005|1010006|1010008|1010010,,,95,0,10,0,29,,,見つかりません,,見つかりません,,
1010008,599,姉小路|季綱,姉小路季綱,三木家,松倉城,33,42,43,45,38,52,26,16,63,33,59,48,conservative,1565,1580,1585,1010001|1010002|1010003|1010004|1010005|1010006|1010007|1010010,1566:鍋山:季綱,,95,0,10,0,29,,,見つかりません,,見つかりません,,
1010009,600,小島|時光,小島時光,三木家,松倉城,54,47,55,47,59,52,26,16,60,36,55,48,conservative,1541,1556,1580,,,,95,500,10,0,29,,true,見つかりません,,見つかりません,,1010010
1010010,601,小島|基頼,小島基頼,三木家,松倉城,42,38,42,35,37,52,26,16,62,33,58,48,conservative,1565,1580,1585,1010001|1010002|1010003|1010004|1010005|1010006|1010007|1010008,,,95,0,10,0,29,,,見つかりません,,見つかりません,1010009,
1010011,602,広瀬|宗域,広瀬宗域,三木家,松倉城,58,56,42,41,59,52,26,16,59,36,54,48,balanced,1530,1545,1583,,,,95,0,10,0,29,,,見つかりません,,見つかりません,,
1010012,603,後藤|重元,後藤重元,三木家,松倉城,32,42,48,41,58,51,26,16,56,38,51,48,balanced,1516,1531,1577,,,,95,0,10,0,29,,,見つかりません,,見つかりません,,
1010013,604,姉小路|高綱,姉小路高綱,三木家,松倉城,34,33,55,51,42,50,22,11,54,39,48,53,conservative,1526,1541,1576,1010014,,,90,0,10,0,29,,,見つかりません,,見つかりません,,
1010014,605,向|宣政,向宣政,三木家,松倉城,33,42,68,55,53,51,22,11,66,29,62,53,aggressive,1560,1575,1618,1010013,,,85,0,10,0,29,,,見つかりません,,見つかりません,,
1011001,269,神保|長職,神保長職,神保家,富山城,57,57,66,65,65,55,50,50,40,60,40,81,balanced,1505,1520,1572,1011005|1011006|1011007|1011008,,,90,1000,11,0,24,,,富山城,,見つかりません,,
1011002,270,小島|職鎮,小島職鎮,神保家,富山城,49,47,64,68,65,36,35,29,22,72,16,86,aggressive,1523,1538,1587,,,,90,0,11,0,24,,true,見つかりません,,見つかりません,,
1011003,271,寺島|職定,寺島職定,神保家,富山城,46,51,60,46,23,58,36,30,47,53,42,73,conservative,1510,1525,1574,,,,95,0,11,0,24,,,見つかりません,,見つかりません,,
1011004,272,水越|勝重,水越勝重,神保家,富山城,42,43,68,60,48,64,36,30,71,41,66,78,conservative,1513,1528,1577,,,,85,0,11,0,24,,,見つかりません,,見つかりません,,
1011005,273,神保|長住,神保長住,神保家,富山城,24,24,41,32,32,55,36,30,58,39,55,78,balanced,1533,1548,1588,1011001|1011006|1011007|1011008,,,90,0,11,0,24,,,見つかりません,,見つかりません,,
1011006,274,神保|氏張,神保氏張,神保家,富山城,45,50,55,49,47,42,50,50,51,48,50,81,balanced,1528,1543,1592,1011001|1011005|1011007|1011008,,,90,0,11,0,24,,,見つかりません,,見つかりません,,
1011007,275,神保|長城,神保長城,神保家,富山城,55,49,42,38,40,34,50,50,46,52,44,86,balanced,1537,1552,1583,1011001|1011005|1011006|1011008,,,90,0,11,0,24,,,見つかりません,,見つかりません,,
1011008,276,神保|覚広,神保覚広,神保家,富山城,53,45,62,63,61,56,36,30,63,35,61,89,conservative,1523,1538,1577,1011001|1011005|1011006|1011007,,,90,0,11,0,24,,,見つかりません,,見つかりません,,
1012001,164,遠山|景任,遠山景任,遠山家,岩村城,58,59,43,48,55,55,36,30,65,40,70,0,conservative,1513,1528,1572,,,,100,1000,12,0,4,,,岩村城,,見つかりません,,
1012002,178,遠山|友忠,遠山友忠,遠山家,岩村城,55,58,61,58,55,53,29,21,55,40,50,98,aggressive,1531,1546,1605,1012007,,,95,500,12,0,4,,true,見つかりません,,見つかりません,,
1012003,559,土岐|信友,土岐信友,遠山家,岩村城,48,49,48,60,45,55,27,18,55,40,60,99,balanced,1537,1552,1589,1012004|1012006,1558:延友:信光|1576:遠山:信光,,95,0,12,0,4,,,見つかりません,,見つかりません,,
1012004,560,延友|半左衛門,延友半左衛門,遠山家,岩村城,52,46,35,34,38,48,27,18,55,40,60,99,aggressive,1556,1570,1584,1012003,1576:遠山:半左衛門,,95,0,12,0,4,,,見つかりません,,見つかりません,,
1012005,527,妻木|広忠,妻木広忠,遠山家,岩村城,44,50,50,45,42,54,25,15,78,23,79,55,balanced,1514,1529,1582,1012006,,,95,0,12,0,4,,,見つかりません,,見つかりません,,
1012006,561,妻木|貞徳,妻木貞徳,遠山家,岩村城,53,32,50,62,53,55,25,15,65,30,60,55,conservative,1544,1559,1618,1012005|1012003,,,95,0,12,0,4,,,見つかりません,,見つかりません,,
1012007,562,遠山|友政,遠山友政,遠山家,岩村城,41,54,51,51,54,59,47,45,37,59,32,98,aggressive,1556,1571,1619,1012002,,,95,0,12,0,4,,,見つかりません,,見つかりません,,
1013001,277,一色|義幸,一色義幸,一色家,弓木城,48,53,48,43,40,50,29,21,58,31,47,68,conservative,1498,1513,1563,1013002|1013003,,,95,0,13,0,21,,,弓木城,,見つかりません,,
1013002,278,一色|義清,一色義清,一色家,弓木城,50,60,42,41,45,18,29,21,48,60,56,72,conservative,1535,1550,1582,1013001|1013003,,,95,0,13,0,21,,,見つかりません,94,越前守,,
1013003,279,一色|義道,一色義道,一色家,弓木城,65,62,40,38,48,45,50,50,57,50,64,69,conservative,1533,1548,1579,1013001|1013002,,,95,1000,13,0,21,,true,見つかりません,36,左京大夫,,
1013004,280,稲富|祐秀,稲富祐秀,一色家,建部山城,53,66,37,50,70,53,71,80,47,62,42,73,conservative,1508,1523,1567,,,,95,0,13,0,81,,,建部山城,,見つかりません,,
1014001,281,波多野|元秀,波多野元秀,波多野家,八上城,63,54,47,47,48,36,29,21,53,38,48,27,balanced,1521,1536,1565,1014002|1014003|1014004,,,100,300,14,0,22,,,八上城,,見つかりません,,
1014002,282,波多野|秀治,波多野秀治,波多野家,八上城,72,76,40,53,68,70,29,21,59,40,58,23,balanced,1549,1564,1579,1014001|1014003|1014004,,,85,1000,14,0,22,,true,見つかりません,,見つかりません,,
1014003,283,波多野|秀尚,波多野秀尚,波多野家,八上城,54,61,42,39,35,36,29,21,47,60,54,23,balanced,1555,1570,1579,1014001|1014002|1014004,,,100,500,14,0,22,,,見つかりません,,見つかりません,,
1014004,284,波多野|宗高,波多野宗高,波多野家,八上城,57,65,64,63,58,67,29,21,52,71,74,27,balanced,1509,1524,1573,1014001|1014002|1014003,,,95,0,14,0,22,,,見つかりません,,見つかりません,,
1014005,285,荒木|氏綱,荒木氏綱,波多野家,八上城,67,71,31,43,61,53,25,15,83,23,88,25,aggressive,1535,1550,1584,,,,95,0,14,0,22,,,見つかりません,,見つかりません,,
1014006,286,荻野|直正,荻野直正,波多野家,黒井城,79,85,47,58,63,55,25,15,47,57,51,24,balanced,1530,1545,1578,1014008,,,95,500,14,0,83,,,黒井城,,見つかりません,,
1014007,287,籾井|教業,籾井教業,波多野家,籾井城,75,77,48,49,50,54,25,15,64,51,79,21,aggressive,1532,1547,1576,,,,95,500,14,0,82,,,籾井城,,見つかりません,,
1014008,288,赤井|時家,赤井時家,波多野家,黒井城,63,63,51,57,64,54,29,21,64,33,61,24,aggressive,1494,1509,1581,1014006,,,95,0,14,0,83,,,見つかりません,,見つかりません,,
1015001,289,浅井|久政,浅井久政,浅井家,小谷城,35,38,66,57,55,46,29,21,83,31,96,50,conservative,1526,1541,1573,1015002|1015013,,azai_hisamasa.webp,100,1000,15,0,23,,,小谷城,254,左兵衛少尉,,
1015002,290,浅井|賢政,浅井賢政,浅井家,小谷城,83,84,52,62,69,92,29,21,67,60,93,73,aggressive,1545,1560,1573,1015001|1015013,1561:浅井:長政,azai_nagamasa.webp,95,1000,15,0,23,,,見つかりません,,見つかりません,,
1015003,291,磯野|員昌,磯野員昌,浅井家,佐和山城,76,86,31,33,55,60,29,21,40,50,30,73,aggressive,1534,1549,1583,,,,90,300,15,0,28,,,佐和山城,,見つかりません,,
1015004,292,雨森|清貞,雨森清貞,浅井家,小谷城,64,55,74,73,65,46,29,21,75,30,80,66,conservative,1514,1529,1573,,,,95,300,15,0,23,,,見つかりません,,見つかりません,,
1015005,293,遠藤|直経,遠藤直経,浅井家,小谷城,70,83,28,47,72,59,29,21,58,77,93,50,aggressive,1541,1556,1570,,,,95,300,15,0,23,,,見つかりません,,見つかりません,,
1015006,294,海北|綱親,海北綱親,浅井家,小谷城,72,48,58,69,76,59,50,50,62,45,68,65,balanced,1509,1524,1573,,,,95,300,15,0,23,,true,見つかりません,,見つかりません,,
1015007,295,赤尾|清綱,赤尾清綱,浅井家,小谷城,60,59,73,65,56,41,29,21,78,21,77,66,conservative,1514,1529,1573,,,,95,300,15,0,23,,,見つかりません,,見つかりません,,
1015008,296,宮部|継潤,宮部継潤,浅井家,佐和山城,72,55,64,71,70,64,50,50,29,74,32,3,balanced,1528,1543,1599,,,,90,0,15,0,28,,,見つかりません,,見つかりません,,
1015009,297,新庄|直頼,新庄直頼,浅井家,佐和山城,35,61,51,49,49,62,36,30,50,59,58,5,balanced,1538,1553,1612,1015010,,,90,0,15,0,28,,,見つかりません,,見つかりません,,
1015010,298,新庄|直忠,新庄直忠,浅井家,佐和山城,50,61,65,54,42,54,36,30,66,27,59,10,balanced,1542,1557,1620,1015009,,,90,0,15,0,28,,,見つかりません,,見つかりません,,
1015011,299,阿閉|貞征,阿閉貞征,浅井家,小谷城,25,42,36,37,42,51,29,21,26,65,16,55,balanced,1528,1543,1582,,,,90,0,15,0,23,,,見つかりません,,見つかりません,,
1015012,300,小川|祐忠,小川祐忠,浅井家,小谷城,39,44,41,48,60,60,50,50,32,64,27,77,balanced,1547,1562,1601,,,,80,0,15,0,23,,,見つかりません,,見つかりません,,
1015013,301,浅井|亮親,浅井亮親,浅井家,小谷城,51,48,64,72,76,54,29,21,69,28,67,50,balanced,1519,1534,1573,1015001|1015002,,,95,0,15,0,23,,,見つかりません,,見つかりません,,
1015014,302,多賀|貞能,多賀貞能,浅井家,小谷城,43,49,56,55,55,53,29,21,55,40,50,71,conservative,1515,1530,1587,,,,80,0,15,0,23,,,見つかりません,,見つかりません,,
1015015,303,中村|一氏,中村一氏,織田家,佐和山城,55,47,59,53,49,59,36,30,54,43,50,5,balanced,1554,1569,1600,,,,90,0,1,0,28,,,見つかりません,,見つかりません,,
1015016,304,田中|吉政,田中吉政,織田家,小谷城,54,55,60,54,50,49,36,30,49,47,44,98,balanced,1548,1563,1609,,,,80,0,1,0,23,,,見つかりません,,見つかりません,,
1015017,305,徳永|寿昌,徳永寿昌,織田家,佐和山城,33,41,62,65,65,61,50,50,46,52,44,91,balanced,1549,1564,1612,,,,90,0,1,0,28,,,見つかりません,,見つかりません,,
1015018,306,百々|安信,百々安信,織田家,佐和山城,43,49,68,61,53,62,50,50,56,44,55,3,balanced,1548,1563,1609,,,,90,0,1,0,28,,,見つかりません,,見つかりません,,
1015019,307,毛屋|武久,毛屋武久,織田家,佐和山城,44,60,32,41,59,56,36,30,63,35,61,9,aggressive,1554,1569,1628,,,,90,0,1,0,28,,,見つかりません,,見つかりません,,
1015020,308,脇坂|安治,脇坂安治,織田家,佐和山城,58,66,37,38,47,61,36,30,38,55,32,6,balanced,1554,1569,1626,,,,80,0,1,0,28,,,見つかりません,,見つかりません,,
1016001,309,別所|就治,別所就治,別所家,三木城,70,64,52,56,59,60,36,30,33,74,40,63,balanced,1502,1517,1563,1016002|1016003|1016006,,,95,1000,16,0,25,,,三木城,,見つかりません,,
1016002,310,別所|安治,別所安治,別所家,三木城,53,54,60,66,65,71,36,30,67,65,62,63,conservative,1532,1547,1570,1016001|1016003|1016006,,,100,500,16,0,25,,,見つかりません,,見つかりません,,
1016003,311,別所|長治,別所長治,別所家,三木城,78,69,57,61,58,75,36,30,73,30,76,63,balanced,1558,1573,1580,1016001|1016002|1016006,,,88,0,16,0,25,,,見つかりません,,見つかりません,,
1016004,312,淡河|定範,淡河定範,別所家,三木城,59,65,51,55,72,59,29,21,94,15,89,57,balanced,1539,1554,1578,,,,95,500,16,0,25,,true,見つかりません,,見つかりません,,
1016005,313,衣笠|範景,衣笠範景,別所家,三木城,55,62,54,50,49,52,26,16,60,36,55,70,aggressive,1517,1532,1585,,,,90,0,16,0,25,,,見つかりません,,見つかりません,,
1016006,314,別所|重宗,別所重宗,別所家,三木城,52,48,57,52,48,56,36,30,58,39,55,64,hermit,1529,1544,1591,1016001|1016002|1016003,,,95,0,16,0,25,,,見つかりません,,見つかりません,,
1016007,315,有馬|重則,有馬重則,別所家,三木城,50,71,34,28,34,51,26,16,56,39,50,49,aggressive,1513,1528,1567,,,,90,0,16,0,25,,,見つかりません,,見つかりません,,
1017001,316,足利|義藤,足利義藤,足利家,二条城,46,71,56,65,51,100,25,15,65,50,79,38,conservative,1536,1546,1565,1800038,1554:足利:義輝,ashikaga_yoshiteru.webp,100,2000,17,0,26,,,二条城,1|25,見つかりません,,
1017002,317,和田|惟政,和田惟政,足利家,槇島城,59,56,60,65,70,63,25,15,63,38,64,44,conservative,1530,1545,1571,,,,85,500,17,0,90,,,槇島城,236,伊賀守,,
1017003,318,細川|藤孝,細川藤孝,足利家,二条城,78,79,91,97,86,89,46,44,47,77,70,55,balanced,1534,1546,1610,1017010,1573:長岡:藤孝|1582:長岡:幽斎,,90,500,17,0,26,,true,見つかりません,60,兵部大輔,,
1017004,319,一色|藤長,一色藤長,足利家,二条城,25,30,72,61,44,67,25,15,90,39,85,36,aggressive,1536,1551,1596,,,,95,0,17,0,26,,,見つかりません,,見つかりません,,
1017005,320,蜷川|親長,蜷川親長,足利家,槇島城,27,12,66,68,70,46,25,15,77,8,61,51,aggressive,1534,1549,1610,,,,95,0,17,0,90,,,見つかりません,,見つかりません,,
1017006,321,京極|高吉,京極高吉,足利家,二条城,33,41,49,49,51,57,25,15,57,56,69,35,conservative,1504,1523,1581,,,,95,0,17,0,26,,,見つかりません,,見つかりません,,
1017007,322,津田|重久,津田重久,足利家,槇島城,38,44,41,46,57,52,29,21,50,44,44,51,balanced,1549,1564,1634,,,,90,0,17,0,90,,,見つかりません,,見つかりません,,
1017008,323,松井|康之,松井康之,足利家,槇島城,50,56,64,63,60,53,50,50,70,32,72,55,balanced,1550,1565,1612,,,,95,0,17,0,90,,,見つかりません,,見つかりません,,
1017009,324,大館|義実,大館義実,足利家,二条城,25,38,66,51,34,58,36,30,78,23,78,40,conservative,1537,1552,1601,,,,95,0,17,0,26,,,見つかりません,,見つかりません,,
1017010,325,三淵|晴員,三淵晴員,足利家,二条城,51,38,65,71,74,52,26,16,60,36,55,55,balanced,1500,1515,1570,1017003,,,95,0,17,0,26,,,見つかりません,,見つかりません,,
1017011,326,柳沢|元政,柳沢元政,足利家,二条城,53,56,75,84,72,52,26,16,60,36,55,45,balanced,1536,1551,1613,,,,95,0,17,0,26,,,見つかりません,,見つかりません,,
1017012,327,楠木|正虎,楠木正虎,足利家,槇島城,33,29,83,69,54,58,43,40,42,53,38,5,balanced,1520,1535,1596,,,,95,0,17,0,90,,,見つかりません,,見つかりません,,
1017013,328,細川|藤賢,細川藤賢,足利家,二条城,44,38,63,67,68,51,26,16,56,39,50,46,conservative,1517,1532,1590,,,,95,0,17,0,26,,,見つかりません,,見つかりません,,
1018001,329,六角|義賢,六角義賢,六角家,観音寺城,54,66,43,48,65,70,29,21,38,55,30,33,balanced,1521,1536,1598,1018005,1557:六角:承禎,rokkaku_yoshikata.webp,80,1500,18,0,35,,,観音寺城,,見つかりません,,
1018002,330,三雲|成持,三雲成持,六角家,坂本城,47,57,48,47,55,55,36,30,61,40,61,29,balanced,1540,1555,1603,,,,85,500,18,0,27,,,坂本城,,見つかりません,,
1018003,331,蒲生|定秀,蒲生定秀,六角家,音羽城,59,59,59,63,82,80,36,30,60,30,50,7,balanced,1508,1523,1579,1018009,,,92,700,18,0,40,,,音羽城,,見つかりません,,
1018004,332,後藤|賢豊,後藤賢豊,六角家,観音寺城,47,49,70,66,61,57,36,30,76,18,69,29,balanced,1519,1534,1563,1018007,,,95,500,18,0,35,,true,見つかりません,,見つかりません,,
1018005,333,六角|義治,六角義治,六角家,観音寺城,44,63,38,30,24,51,29,21,26,65,16,33,balanced,1544,1559,1612,1018001,,,90,500,18,0,35,,,見つかりません,,見つかりません,,
1018006,334,関|盛信,関盛信,六角家,亀山城,51,55,62,59,56,57,25,15,54,59,66,40,balanced,1515,1530,1593,1018013,,,85,0,18,0,77,,,亀山城,,見つかりません,,
1018007,335,後藤|高治,後藤高治,六角家,観音寺城,27,30,41,40,42,52,36,30,36,53,24,29,conservative,1544,1559,1589,1018004,,,90,0,18,0,35,,,見つかりません,,見つかりません,,
1018008,336,吉田|重政,吉田重政,六角家,観音寺城,49,74,27,30,42,50,36,30,47,38,32,29,balanced,1485,1500,1569,,,,85,0,18,0,35,,,見つかりません,,見つかりません,,
1018009,337,蒲生|賢秀,蒲生賢秀,六角家,音羽城,50,55,58,60,61,58,50,50,58,42,58,7,conservative,1534,1549,1584,1018003,,,90,0,18,0,40,,,見つかりません,,見つかりません,,
1018010,338,横山|喜内,横山喜内,六角家,音羽城,59,76,46,62,79,70,64,70,67,37,72,18,aggressive,1550,1565,1613,,1587:蒲生:頼郷,,90,0,18,0,40,,,見つかりません,,見つかりません,,
1018011,339,山崎|片家,山崎片家,六角家,坂本城,45,47,42,44,52,26,50,50,51,48,50,32,balanced,1547,1562,1591,,,,80,0,18,0,27,,,見つかりません,,見つかりません,,
1018012,340,土岐|頼芸,土岐頼芸,六角家,坂本城,43,30,61,66,68,53,26,16,74,24,72,93,balanced,1502,1517,1582,,,,95,0,18,0,27,,,見つかりません,,見つかりません,,
1018013,341,関|一政,関一政,六角家,亀山城,45,51,43,45,53,34,26,16,56,39,50,40,balanced,1551,1566,1625,1018006,,,85,0,18,0,77,,,見つかりません,,見つかりません,,
1019001,342,本願寺|顕如,本願寺顕如,本願寺家,石山御坊,85,60,93,96,87,93,18,5,34,80,48,50,conservative,1543,1555,1592,,,honganji_kennyo.webp,100,1500,19,0,33,,,石山御坊,,見つかりません,,
1019002,343,下間|頼廉,下間頼廉,本願寺家,石山御坊,89,77,86,88,79,78,32,25,71,49,90,10,aggressive,1537,1552,1626,1019007,,,95,0,19,0,33,,,見つかりません,,見つかりません,,
1019003,344,下間|頼照,下間頼照,本願寺家,石山御坊,70,59,53,59,63,73,29,21,49,56,54,50,balanced,1516,1531,1575,1019006,,,95,500,19,0,33,,true,見つかりません,,見つかりません,,
1019004,345,七里|頼周,七里頼周,本願寺家,尾山御坊,66,57,57,69,65,30,22,11,31,70,32,51,aggressive,1517,1532,1581,,,,95,500,19,0,74,,,尾山御坊,,見つかりません,,
1019005,346,鈴木|重泰,鈴木重泰,本願寺家,尾山御坊,56,61,35,43,56,58,36,30,50,50,50,51,balanced,1541,1556,1580,,,,95,0,19,0,74,,,見つかりません,,見つかりません,,
1019006,347,下間|仲孝,下間仲孝,本願寺家,石山御坊,67,52,71,80,74,77,29,21,69,28,67,51,balanced,1551,1566,1616,1019003,,,95,0,19,0,33,,,見つかりません,,見つかりません,,
1019007,348,下間|頼竜,下間頼竜,本願寺家,石山御坊,51,50,67,64,58,53,29,21,59,37,55,52,conservative,1552,1567,1609,1019002,,,95,0,19,0,33,,,見つかりません,,見つかりません,,
1019008,349,富樫|晴貞,富樫晴貞,本願寺家,尾山御坊,52,58,57,51,47,54,29,21,64,33,61,87,aggressive,1516,1531,1570,,,,95,0,19,0,74,,,見つかりません,,見つかりません,,
1020001,350,三好|長慶,三好長慶,三好家,岸和田城,91,70,96,95,94,77,36,30,13,90,15,56,balanced,1523,1538,1564,1020002|1020004|1020006|1020009|1020010|1020021|1020030|1020031|1020033,,miyoshi_nagayoshi.webp,100,1500,20,0,38,,,岸和田城,151,筑前守,,
1020002,351,三好|実休,三好実休,三好家,高屋城,80,75,86,85,75,75,36,30,50,64,64,57,balanced,1527,1542,1562,1020001|1020004|1020006|1020009|1020010|1020021|1020030|1020031|1020033,,,95,500,20,0,56,,,高屋城,,見つかりません,,
1020003,352,松永|久秀,松永久秀,三好家,信貴山城,87,65,92,91,94,72,64,70,2,98,1,93,aggressive,1511,1526,1577,1020011|1020012,,matsunaga_hisahide.webp,55,500,20,0,39,,,信貴山城,184,弾正少忠,,
1020004,353,十河|一存,十河一存,三好家,岸和田城,81,91,37,46,38,68,43,40,42,68,52,29,balanced,1532,1547,1561,1020001|1020002|1020006|1020009|1020010|1020021|1020030|1020031|1020033,,,100,0,20,0,38,,,見つかりません,149,讃岐守,,
1020005,354,荒木|村重,荒木村重,三好家,有岡城,82,75,64,70,53,45,75,86,22,82,25,52,balanced,1535,1550,1586,,,,85,0,20,0,51,,,見つかりません,,見つかりません,,
1020006,355,三好|長逸,三好長逸,三好家,高屋城,64,59,56,60,64,49,36,30,45,58,48,51,aggressive,1514,1529,1578,1020001|1020002|1020004|1020009|1020010|1020021|1020030|1020031|1020033,,,75,500,20,0,56,,,見つかりません,,見つかりません,,
1020007,356,三好|政生,三好政生,三好家,岸和田城,59,64,53,54,52,67,36,30,44,40,27,51,aggressive,1528,1543,1578,1020024,,,75,0,20,0,38,,,見つかりません,,見つかりません,,
1020008,357,岩成|友通,岩成友通,三好家,高屋城,47,50,43,52,63,36,36,30,47,65,58,51,aggressive,1529,1544,1573,,,,75,0,20,0,56,,,見つかりません,,見つかりません,,
1020009,358,三好|義興,三好義興,三好家,岸和田城,74,62,73,72,67,59,36,30,59,37,54,57,conservative,1542,1557,1563,1020001|1020002|1020004|1020006|1020010|1020021|1020030|1020031|1020033,,,95,0,20,0,38,,,見つかりません,,見つかりません,,
1020010,359,三好|康長,三好康長,三好家,岸和田城,41,43,73,75,78,58,50,50,36,42,31,75,conservative,1508,1523,1587,1020001|1020002|1020004|1020006|1020009|1020021|1020030|1020031|1020033,,,90,0,20,0,38,,true,見つかりません,,見つかりません,,
1020011,360,松永|長頼,松永長頼,三好家,信貴山城,70,74,51,57,62,29,50,50,75,78,70,93,balanced,1516,1531,1565,1020003|1020012,,,70,0,20,0,39,,,見つかりません,,見つかりません,,
1020012,361,松永|久通,松永久通,三好家,信貴山城,54,41,59,69,76,62,50,50,10,87,5,93,conservative,1538,1553,1577,1020003|1020011,,,70,0,20,0,39,,,見つかりません,,見つかりません,,
1020013,362,高山|友照,高山友照,三好家,信貴山城,46,50,54,56,58,66,71,80,37,36,32,84,conservative,1527,1542,1595,,,,75,0,20,0,39,,,見つかりません,,見つかりません,,
1020014,363,安見|宗房,安見宗房,三好家,飯盛山城,39,48,60,66,67,50,50,50,33,40,28,84,conservative,1534,1549,1571,,,,90,300,20,0,34,,,飯盛山城,,見つかりません,,
1020015,364,池田|長正,池田長正,三好家,有岡城,54,55,44,40,31,36,50,50,52,72,47,60,balanced,1519,1534,1563,1020022|1020023,,,90,300,20,0,51,,,有岡城,,見つかりません,,
1020016,365,中川|清秀,中川清秀,三好家,有岡城,46,66,35,29,26,35,36,30,49,39,44,49,conservative,1542,1557,1583,,,,95,0,20,0,51,,,見つかりません,,見つかりません,,
1020017,366,和久|宗是,和久宗是,三好家,高屋城,64,44,70,65,57,59,36,30,87,15,89,15,aggressive,1535,1550,1615,,,,85,0,20,0,56,,,見つかりません,,見つかりません,,
1020018,367,寒川|元隣,寒川元隣,三好家,岸和田城,46,49,49,49,51,56,36,30,68,29,65,59,balanced,1541,1556,1582,,,,95,0,20,0,38,,,見つかりません,,見つかりません,,
1020019,368,一宮|成相,一宮成相,三好家,岸和田城,65,59,35,39,48,38,36,30,31,66,28,63,balanced,1528,1543,1582,,,,95,0,20,0,38,,,見つかりません,,見つかりません,,
1020020,369,細川|氏綱,細川氏綱,三好家,岸和田城,54,39,52,57,53,52,25,15,68,40,76,45,balanced,1514,1531,1563,1020028,,,90,0,20,0,38,,,見つかりません,,見つかりません,,
1020021,370,安宅|冬康,安宅冬康,三好家,洲本城,59,51,74,70,62,53,50,50,71,22,64,54,conservative,1530,1545,1564,1020001|1020002|1020004|1020006|1020009|1020010|1020030|1020031|1020033,,,95,300,20,0,87,,,洲本城,122,摂津守,,
1020022,371,池田|勝正,池田勝正,三好家,有岡城,42,46,39,37,39,65,50,50,50,54,54,52,balanced,1539,1554,1578,1020015|1020023,,,90,0,20,0,51,,,見つかりません,,見つかりません,,
1020023,372,池田|知正,池田知正,三好家,有岡城,56,56,51,48,45,60,50,50,41,53,35,60,balanced,1544,1559,1603,1020015|1020022,,,95,0,20,0,51,,,見つかりません,,見つかりません,,
1020024,373,三好|一任,三好一任,三好家,岸和田城,47,61,48,49,51,72,36,30,56,40,51,60,aggressive,1536,1551,1631,1020007,,,75,0,20,0,38,,,見つかりません,,見つかりません,,
1020025,374,郡|宗保,郡宗保,三好家,有岡城,69,61,56,53,51,57,36,30,68,31,67,10,aggressive,1546,1561,1615,,,,85,0,20,0,51,,,見つかりません,,見つかりません,,
1020026,375,香西|佳清,香西佳清,三好家,洲本城,53,58,43,52,64,53,29,21,59,37,55,50,aggressive,1553,1568,1588,,,,90,0,20,0,87,,,見つかりません,,見つかりません,,
1020027,376,香川|之景,香川之景,三好家,洲本城,45,53,52,53,56,55,36,30,49,47,44,48,balanced,1519,1534,1586,,,,90,0,20,0,87,,,見つかりません,,見つかりません,,
1020028,377,細川|六郎,細川六郎,三好家,高屋城,24,24,34,28,31,51,22,11,71,26,67,48,balanced,1548,1558,1592,1020020,1571:細川:昭元|1577:細川:信元|1578:細川:信良,,85,0,20,0,56,,,見つかりません,37,右京大夫,,
1020029,378,細川|真之,細川真之,三好家,高屋城,34,35,40,33,35,45,29,21,49,30,28,47,aggressive,1538,1553,1582,,,,85,0,20,0,56,,,見つかりません,,見つかりません,,
1020030,379,三好|存保,三好存保,三好家,岸和田城,67,69,47,46,52,65,50,50,51,48,50,57,aggressive,1554,1569,1586,1020001|1020002|1020004|1020006|1020009|1020010|1020021|1020031|1020033,1563:三好:存保,,90,0,20,0,38,,,見つかりません,,見つかりません,,
1020031,380,三好|長治,三好長治,三好家,岸和田城,42,48,39,32,36,28,50,50,51,48,50,55,aggressive,1553,1567,1577,1020001|1020002|1020004|1020006|1020009|1020010|1020021|1020030|1020033,,,90,0,20,0,38,,,見つかりません,,見つかりません,,
1020032,381,篠原|長房,篠原長房,三好家,洲本城,50,44,72,72,69,64,29,21,59,37,55,55,aggressive,1513,1528,1573,,,,90,0,20,0,87,,,見つかりません,,見つかりません,,
1020033,382,十河|義継,十河義継,三好家,岸和田城,56,53,48,43,44,41,43,40,57,42,55,52,balanced,1549,1564,1573,1020001|1020002|1020004|1020006|1020009|1020010|1020021|1020030|1020031,1563:三好:義継,,90,0,20,0,38,,,見つかりません,,見つかりません,,
1021001,383,鈴木|左太夫,鈴木左太夫,鈴木家,雑賀城,81,82,50,60,82,75,18,5,56,70,82,57,conservative,1515,1530,1585,1021002|1021004,,,90,1000,21,0,42,,,雑賀城,,見つかりません,,
1021002,384,鈴木|重秀,鈴木重秀,鈴木家,雑賀城,85,97,31,54,79,83,18,5,46,79,70,57,aggressive,1536,1551,1585,1021001|1021004,,,95,0,21,0,42,,,見つかりません,,見つかりません,,
1021003,385,土橋|胤継,土橋胤継,鈴木家,雑賀城,58,57,33,35,40,74,29,21,76,63,71,61,balanced,1518,1533,1582,,,,95,500,21,0,42,,true,見つかりません,,見つかりません,,
1021004,386,鈴木|重兼,鈴木重兼,鈴木家,雑賀城,54,50,81,80,84,60,22,11,74,44,69,58,balanced,1540,1555,1589,1021001|1021002,,,95,0,21,0,42,,,見つかりません,,見つかりません,,
1021005,387,岡|吉正,岡吉正,鈴木家,雑賀城,40,67,29,35,53,52,26,16,70,27,67,61,balanced,1548,1563,1590,,,,95,0,21,0,42,,,見つかりません,,見つかりません,,
1022001,388,江馬|時盛,江馬時盛,江馬家,高原諏訪城,38,46,52,48,42,47,18,5,42,54,37,76,conservative,1509,1524,1573,1022002|1022003|1022004|1022005|1022006|1022007,,,100,1000,22,0,91,,,高原諏訪城,,見つかりません,,
1022002,389,江馬|輝盛,江馬輝盛,江馬家,高原諏訪城,62,66,58,68,69,41,18,5,9,75,4,98,balanced,1535,1550,1582,1022001|1022003|1022004|1022005|1022006|1022007,,,90,500,22,0,91,,true,見つかりません,,見つかりません,,
1022003,606,江馬|貞盛,江馬貞盛,江馬家,高原諏訪城,35,43,41,39,31,45,22,11,66,18,50,76,conservative,1536,1551,1580,1022001|1022002|1022004|1022005|1022006|1022007,,,95,0,22,0,91,,,見つかりません,,見つかりません,,
1022004,607,江馬|信盛,江馬信盛,武田家,木曽福島城,41,41,49,38,34,49,22,11,76,16,67,76,aggressive,1537,1552,1581,1022001|1022002|1022003|1022005|1022006|1022007,,,95,0,3,0,52,,,見つかりません,,見つかりません,,
1022005,608,江馬|時政,江馬時政,江馬家,高原諏訪城,43,35,33,24,36,47,29,21,68,16,51,98,aggressive,1558,1573,1585,1022001|1022002|1022003|1022004|1022006|1022007,,,95,0,22,0,91,,,見つかりません,,見つかりません,,
1022006,609,麻生野|直盛,麻生野直盛,江馬家,高原諏訪城,39,36,42,33,33,53,29,21,55,40,50,52,conservative,1508,1523,1568,1022001|1022002|1022003|1022004|1022005|1022007,,,90,300,22,0,91,,,見つかりません,,見つかりません,,
1022007,610,麻生野|慶盛,麻生野慶盛,江馬家,高原諏訪城,47,38,41,47,58,53,29,21,55,40,50,52,balanced,1534,1549,1578,1022001|1022002|1022003|1022004|1022005|1022006,,,90,0,22,0,91,,,見つかりません,,見つかりません,,
1022008,611,吉村|政元,吉村政元,江馬家,高原諏訪城,60,51,28,36,45,60,29,21,65,32,62,98,aggressive,1523,1538,1582,1022009,,,95,300,22,0,91,,,見つかりません,,見つかりません,,
1022009,612,吉村|政延,吉村政延,江馬家,高原諏訪城,45,57,29,28,20,47,29,21,66,31,63,98,balanced,1546,1561,1582,1022008,,,95,0,22,0,91,,,見つかりません,,見つかりません,,
1022010,613,寺林|玄蕃,寺林玄蕃,江馬家,高原諏訪城,34,21,56,44,40,52,29,21,32,22,55,98,conservative,1533,1548,1582,1022011,,,95,0,22,0,91,,,見つかりません,,見つかりません,,
1022011,614,寺林|蔵之介,寺林蔵之介,江馬家,高原諏訪城,25,32,50,45,33,53,29,21,63,34,59,98,balanced,1558,1573,1582,1022010,,,95,0,22,0,91,,,見つかりません,,見つかりません,,
1023001,390,内ヶ島|氏理,内ヶ島氏理,内ヶ島家,帰雲城,45,62,49,46,48,54,22,11,51,42,44,94,aggressive,1526,1541,1585,1023002|1023003|1023004|1023005|1023006,,,100,1000,23,0,92,,,帰雲城,,見つかりません,,
1023002,585,東|常尭,東常尭,内ヶ島家,帰雲城,36,58,22,32,53,29,22,11,65,71,60,11,balanced,1535,1550,1585,1023001|1023002|1023003|1023004|1023005|1023006,,,95,0,23,0,92,,,見つかりません,,見つかりません,,
1023003,586,内ヶ島|氏則,内ヶ島氏則,内ヶ島家,帰雲城,20,43,47,42,54,50,22,11,32,56,20,94,conservative,1527,1542,1585,1023001|1023002|1023003|1023004|1023005|1023006,,,95,0,23,0,92,,,見つかりません,,見つかりません,,
1023004,587,内ヶ島|氏房,内ヶ島氏房,内ヶ島家,帰雲城,31,49,45,36,34,45,22,11,32,32,30,94,aggressive,1528,1543,1585,1023001|1023002|1023003|1023004|1023005|1023006,,,95,0,23,0,92,,,見つかりません,,見つかりません,,
1023005,588,内ヶ島|氏親,内ヶ島氏親,内ヶ島家,帰雲城,29,31,57,30,46,47,22,11,35,47,48,94,balanced,1532,1547,1585,1023001|1023002|1023003|1023004|1023005|1023006,,,95,0,23,0,92,,,見つかりません,,見つかりません,,
1023006,589,内ヶ島|氏行,内ヶ島氏行,内ヶ島家,帰雲城,41,39,50,38,50,46,22,11,41,44,39,94,conservative,1548,1563,1585,1023001|1023002|1023003|1023004|1023005|1023006,,,95,0,23,0,92,,,見つかりません,,見つかりません,,
1023007,590,川尻|氏信,川尻氏信,内ヶ島家,帰雲城,54,65,31,33,41,57,22,11,39,52,30,94,balanced,1519,1534,1588,1023008,,,95,0,23,0,92,,,見つかりません,,見つかりません,,
1023008,591,川尻|勘平,川尻勘平,内ヶ島家,帰雲城,46,62,34,31,42,64,22,11,52,41,45,94,aggressive,1544,1559,1615,1023007,,,95,0,23,0,92,,,見つかりません,,見つかりません,,
1023009,592,尾神|氏綱,尾神氏綱,内ヶ島家,帰雲城,60,55,45,36,59,61,22,11,39,52,30,94,aggressive,1515,1530,1590,,,,95,0,23,0,92,,true,見つかりません,,見つかりません,,
1023010,593,山下|時慶,山下時慶,内ヶ島家,帰雲城,39,46,44,40,40,53,22,11,43,31,53,94,balanced,1546,1561,1586,1023011,,,95,0,23,0,92,,,見つかりません,,見つかりません,,
1023011,594,山下|氏勝,山下氏勝,内ヶ島家,帰雲城,52,59,43,36,42,57,22,11,37,39,53,94,aggressive,1568,1583,1653,1023010,,,95,0,23,0,92,,,見つかりません,,見つかりません,,
1024001,391,北畠|具教,北畠具教,北畠家,霧山城,70,80,50,40,58,75,22,11,57,50,63,44,conservative,1528,1543,1576,1024005|1024010|1024015,,,85,1500,24,0,47,,,霧山城,13,中納言,,
1024002,392,長野|藤定,長野藤定,北畠家,長野城,49,52,57,55,52,50,25,15,64,30,58,39,conservative,1526,1541,1562,1024006,,,85,300,24,0,49,,,見つかりません,,見つかりません,,
1024003,393,鳥屋尾|満栄,鳥屋尾満栄,北畠家,鳥羽城,63,57,66,70,75,64,50,50,83,16,78,43,conservative,1508,1523,1577,,,,95,300,24,0,78,,,鳥羽城,,見つかりません,,
1024004,394,藤方|朝成,藤方朝成,北畠家,鳥羽城,47,51,53,57,63,40,36,30,21,44,16,72,balanced,1530,1545,1597,,,,85,0,24,0,78,,,見つかりません,,見つかりません,,
1024005,395,北畠|具房,北畠具房,北畠家,霧山城,28,34,34,27,16,28,22,11,56,5,51,43,conservative,1547,1562,1580,1024001|1024010|1024015,,,95,0,24,0,47,,,見つかりません,161,左近将監,,
1024006,396,長野|稙藤,長野稙藤,北畠家,長野城,48,47,63,62,57,50,25,15,57,35,49,37,balanced,1504,1519,1562,1024002,,,90,300,24,0,49,,,長野城,,見つかりません,,
1024007,397,細野|藤敦,細野藤敦,北畠家,長野城,41,53,69,68,63,57,25,15,56,50,61,39,balanced,1540,1555,1603,1024008,,,90,0,24,0,49,,,見つかりません,,見つかりません,,
1024008,398,細野|藤光,細野藤光,北畠家,長野城,54,45,56,54,51,51,25,15,75,20,70,37,balanced,1511,1526,1560,1024007,,,90,0,24,0,49,,,見つかりません,,見つかりません,,
1024009,399,小浜|景隆,小浜景隆,北畠家,鳥羽城,58,65,39,39,57,43,41,37,48,55,50,40,conservative,1540,1555,1597,,,,90,0,24,0,78,,,見つかりません,,見つかりません,,
1024010,400,木造|具政,木造具政,北畠家,霧山城,50,54,57,60,63,59,36,30,30,61,20,37,balanced,1530,1545,1584,1024001|1024005|1024014|1024015,,,90,0,24,0,47,,true,見つかりません,,見つかりません,,
1024011,401,神戸|具盛,神戸具盛,北畠家,霧山城,36,40,41,38,39,38,25,15,43,50,35,37,balanced,1526,1541,1600,,,,95,0,24,0,47,,,見つかりません,,見つかりません,,
1024012,402,長尾|種常,長尾種常,北畠家,霧山城,48,58,49,52,56,44,25,15,45,36,26,31,balanced,1541,1556,1605,,,,95,0,24,0,47,,,見つかりません,,見つかりません,,
1024013,403,雲林院|祐基,雲林院祐基,北畠家,霧山城,46,42,44,36,36,52,26,16,60,36,55,40,aggressive,1528,1543,1587,,,,90,0,24,0,47,,,見つかりません,,見つかりません,,
1024014,404,木造|雄利,木造雄利,北畠家,霧山城,59,55,50,63,75,37,50,50,51,48,50,21,conservative,1543,1558,1610,1024010|1024015,1569:滝川:雄利,,95,0,24,0,47,,,見つかりません,,見つかりません,,
1024015,405,木造|長正,木造長正,北畠家,霧山城,36,45,62,55,49,55,33,26,59,38,55,37,conservative,1554,1569,1604,1024001|1024005|1024010|1024014,,,95,0,24,0,47,,,見つかりません,,見つかりません,,
1024016,406,山路|正国,山路正国,北畠家,長野城,44,64,50,40,37,57,43,40,37,58,32,85,aggressive,1546,1561,1583,,,,90,0,24,0,49,,,見つかりません,,見つかりません,,
1024017,407,田丸|直昌,田丸直昌,北畠家,長野城,24,55,46,32,31,62,50,50,56,44,55,4,aggressive,1551,1566,1607,,,,90,0,24,0,49,,,見つかりません,,見つかりません,,
1024018,408,分部|光嘉,分部光嘉,北畠家,長野城,60,57,54,50,49,46,36,30,54,43,50,39,balanced,1552,1567,1601,,,,90,0,24,0,49,,,見つかりません,,見つかりません,,
1027001,409,里見|義堯,里見義堯,里見家,久留里城,84,70,63,72,85,88,29,21,49,60,57,33,balanced,1512,1527,1574,1027002|1027014,,,100,1000,27,0,46,,,久留里城,108,刑部少輔,,
1027002,410,里見|義舜,里見義舜,里見家,久留里城,71,66,56,56,60,64,32,25,39,70,47,33,aggressive,1530,1545,1578,1027001|1027014,1560:里見:義弘,,95,500,27,0,46,,,見つかりません,,見つかりません,,
1027003,411,正木|時忠,正木時忠,里見家,久留里城,65,66,50,54,59,44,29,21,30,66,26,28,conservative,1518,1533,1576,1027004|1027005|1027010,,,75,500,27,0,46,,,見つかりません,,見つかりません,,
1027004,412,正木|時茂,正木時茂,里見家,久留里城,76,85,33,39,49,65,29,21,67,45,78,33,balanced,1514,1529,1576,1027003|1027005|1027010,,,95,0,27,0,46,,,見つかりません,,見つかりません,,
1027005,413,正木|憲時,正木憲時,里見家,久留里城,65,68,33,35,39,53,29,21,94,25,89,24,balanced,1555,1570,1581,1027003|1027004|1027010,,,75,0,27,0,46,,,見つかりません,,見つかりません,,
1027006,414,土岐|為頼,土岐為頼,里見家,久留里城,72,68,55,67,79,70,50,50,49,63,44,22,balanced,1494,1509,1583,1027013,,,75,0,27,0,46,,true,見つかりません,,見つかりません,,
1027007,415,酒井|敏房,酒井敏房,里見家,万喜城,65,69,58,67,73,65,50,50,47,58,52,29,conservative,1511,1526,1577,,,,80,300,27,0,65,,,万喜城,,見つかりません,,
1027008,416,酒井|政辰,酒井政辰,里見家,万喜城,44,60,42,48,58,57,50,50,51,37,39,29,balanced,1544,1559,1603,,,,90,0,27,0,65,,,見つかりません,,見つかりません,,
1027009,417,佐野|弘綱,佐野弘綱,里見家,久留里城,37,25,40,36,38,65,29,21,44,75,62,42,conservative,1517,1532,1566,,,,90,0,27,0,46,,,見つかりません,,見つかりません,,
1027010,418,正木|頼忠,正木頼忠,里見家,久留里城,46,56,56,56,56,58,29,21,50,44,44,28,balanced,1551,1566,1622,1027003|1027004|1027005,,,90,0,27,0,46,,,見つかりません,,見つかりません,,
1027011,419,足利|頼純,足利頼純,里見家,久留里城,29,28,54,46,42,54,29,21,74,25,72,40,conservative,1532,1547,1601,,,,90,0,27,0,46,,,見つかりません,,見つかりません,,
1027012,420,太田|康資,太田康資,里見家,久留里城,64,72,37,36,42,51,26,16,56,39,50,31,aggressive,1531,1546,1581,,,,90,0,27,0,46,,,見つかりません,,見つかりません,,
1027013,421,土岐|頼春,土岐頼春,里見家,万喜城,64,61,46,54,64,65,54,55,65,37,67,22,aggressive,1526,1541,1595,1027006,,,90,0,27,0,65,,,見つかりません,,見つかりません,,
1027014,422,里見|義頼,里見義頼,里見家,久留里城,62,59,54,63,73,53,36,30,44,51,38,31,conservative,1543,1558,1587,1027001|1027002,,,90,0,27,0,46,,,見つかりません,,見つかりません,,
1028001,423,宇都宮|広綱,宇都宮広綱,宇都宮家,宇都宮城,65,54,64,55,62,60,32,25,64,30,57,16,conservative,1543,1555,1580,,,,90,1000,28,0,32,,,宇都宮城,,見つかりません,,
1028002,424,芳賀|高定,芳賀高定,宇都宮家,宇都宮城,61,54,76,78,78,60,25,15,63,59,84,16,balanced,1529,1544,1588,1028003,,,95,0,28,0,32,,true,見つかりません,,見つかりません,,
1028003,425,芳賀|高継,芳賀高継,宇都宮家,宇都宮城,47,44,70,66,65,62,25,15,41,78,60,9,conservative,1526,1541,1592,1028002,,,95,0,28,0,32,,,見つかりません,,見つかりません,,
1028004,426,壬生|綱雄,壬生綱雄,宇都宮家,宇都宮城,43,52,42,44,49,54,25,15,34,66,33,13,balanced,1515,1530,1576,1028006,,,70,0,28,0,32,,,見つかりません,,見つかりません,,
1028005,427,皆川|広照,皆川広照,宇都宮家,宇都宮城,39,51,63,63,61,51,26,16,50,43,44,61,conservative,1548,1563,1627,,,,90,0,28,0,32,,,見つかりません,,見つかりません,,
1028006,428,壬生|義雄,壬生義雄,宇都宮家,宇都宮城,55,59,47,50,57,52,29,21,45,49,38,13,aggressive,1552,1567,1590,1028004,,,75,0,28,0,32,,,見つかりません,,見つかりません,,
1029001,429,結城|晴朝,結城晴朝,結城家,結城城,63,51,78,82,72,70,36,30,33,50,16,41,balanced,1534,1548,1614,,,,85,1000,29,0,37,,,結城城,,見つかりません,,
1029002,430,水谷|正村,水谷正村,結城家,結城城,73,78,39,47,60,54,25,15,49,73,44,35,aggressive,1521,1536,1596,,,,95,0,29,0,37,,,見つかりません,,見つかりません,,
1029003,431,多賀谷|重経,多賀谷重経,結城家,結城城,53,53,44,51,61,59,29,21,27,80,22,37,aggressive,1558,1573,1618,1029006,,,90,0,29,0,37,,,見つかりません,,見つかりません,,
1029004,432,小山|高朝,小山高朝,結城家,結城城,49,57,49,44,45,53,36,30,49,42,40,42,balanced,1508,1523,1574,1029005,,,95,0,29,0,37,,,見つかりません,,見つかりません,,
1029005,433,小山|秀綱,小山秀綱,結城家,結城城,36,50,46,46,50,56,36,30,51,46,47,42,conservative,1529,1544,1603,1029004,,,95,0,29,0,37,,,見つかりません,,見つかりません,,
1029006,434,多賀谷|政広,多賀谷政広,結城家,結城城,35,37,69,69,68,53,29,21,63,32,57,40,conservative,1537,1552,1595,1029003,,,95,0,29,0,37,,true,見つかりません,,見つかりません,,
1029007,435,岩上|朝堅,岩上朝堅,結城家,結城城,39,40,73,67,58,53,26,16,74,24,72,39,conservative,1554,1569,1592,,,,90,0,29,0,37,,,見つかりません,,見つかりません,,
1030001,436,成田|長泰,成田長泰,成田家,忍城,52,53,53,56,58,65,36,30,22,70,13,65,balanced,1508,1523,1586,1030002|1030003|1030004|1030005,,,90,1000,30,0,41,,,忍城,,見つかりません,,
1030002,437,成田|氏長,成田氏長,成田家,忍城,64,60,62,65,64,57,36,30,40,77,57,69,balanced,1542,1557,1595,1030001|1030003|1030004|1030005,,,95,500,30,0,41,,true,見つかりません,,見つかりません,,
1030003,438,成田|長忠,成田長忠,成田家,忍城,45,54,56,49,42,56,36,30,60,40,60,72,balanced,1547,1562,1616,1030001|1030002|1030004|1030005,,,95,0,30,0,41,,,見つかりません,,見つかりません,,
1030004,439,成田|泰季,成田泰季,成田家,忍城,32,39,52,48,47,57,36,30,68,31,67,70,balanced,1516,1531,1590,1030001|1030002|1030003|1030005,,,95,0,30,0,41,,,見つかりません,,見つかりません,,
1030005,440,成田|長親,成田長親,成田家,忍城,54,36,50,47,49,63,50,50,61,40,61,77,conservative,1545,1560,1613,1030001|1030002|1030003|1030004,,,95,0,30,0,41,,,見つかりません,,見つかりません,,
1031001,441,長野|業正,長野業正,長野家,箕輪城,90,80,60,74,90,74,25,15,73,50,96,37,balanced,1499,1514,1561,1031002,,,100,1000,31,0,31,,,見つかりません,,見つかりません,,
1031002,442,長野|業盛,長野業盛,長野家,箕輪城,68,72,40,46,58,62,25,15,74,44,92,37,balanced,1548,1561,1566,1031001,,,100,500,31,0,31,,,箕輪城,,見つかりません,,
1031003,443,金刺|秀綱,金刺秀綱,長野家,箕輪城,65,96,26,30,15,80,36,30,89,10,88,41,balanced,1508,1523,1577,1031004,1565:上泉:信綱,,95,0,31,0,31,,true,見つかりません,,見つかりません,,
1031004,444,上泉|泰綱,上泉泰綱,長野家,箕輪城,59,68,29,27,35,66,57,60,64,38,67,10,aggressive,1552,1567,1600,1031003,,,90,0,31,0,31,,,見つかりません,,見つかりません,,
1032001,445,佐竹|義昭,佐竹義昭,佐竹家,太田城,75,59,78,81,70,67,29,21,46,71,63,20,balanced,1531,1545,1565,1032002|1032003|1032006|1032009,,,100,1000,32,0,59,,,太田城,,見つかりません,,
1032002,446,佐竹|義重,佐竹義重,佐竹家,太田城,90,93,85,91,74,81,36,30,53,69,75,20,balanced,1547,1562,1612,1032001|1032006|1032009,,,95,500,32,0,59,,,見つかりません,,見つかりません,,
1032003,447,佐竹|義斯,佐竹義斯,佐竹家,太田城,60,56,63,58,49,54,33,26,68,27,63,19,conservative,1538,1553,1587,1032001|1032009,,,95,0,32,0,59,,,見つかりません,,見つかりません,,
1032004,448,岡本|禅哲,岡本禅哲,佐竹家,太田城,26,12,80,88,77,49,50,50,68,21,57,18,balanced,1524,1539,1583,,,,95,0,32,0,59,,true,見つかりません,,見つかりません,,
1032005,449,小貫|頼久,小貫頼久,佐竹家,太田城,40,45,67,65,60,61,36,30,59,47,65,17,conservative,1544,1559,1603,,,,95,500,32,0,59,,,見つかりません,,見つかりません,,
1032006,450,佐竹|義堅,佐竹義堅,佐竹家,府中城,49,51,58,46,34,55,29,21,69,30,67,15,conservative,1518,1533,1571,1032001|1032002|1032008,,,95,300,32,0,60,,,府中城,,見つかりません,,
1032007,451,和田|昭為,和田昭為,佐竹家,府中城,57,42,75,73,64,65,29,21,44,51,39,22,conservative,1534,1549,1608,,,,95,500,32,0,60,,,見つかりません,,見つかりません,,
1032008,452,佐竹|義久,佐竹義久,佐竹家,府中城,74,67,74,71,64,66,36,30,63,35,61,15,conservative,1554,1569,1601,1032006,,,95,0,32,0,60,,,見つかりません,,見つかりません,,
1032009,453,佐竹|義廉,佐竹義廉,佐竹家,太田城,49,47,60,53,48,53,29,21,59,37,55,19,balanced,1506,1521,1570,1032001|1032002|1032003,,,95,0,32,0,59,,,見つかりません,,見つかりません,,
1032010,454,車|斯忠,車斯忠,佐竹家,太田城,39,60,32,45,66,50,26,16,36,55,27,18,balanced,1552,1567,1602,,,,90,0,32,0,59,,,見つかりません,,見つかりません,,
1032011,455,真壁|氏幹,真壁氏幹,佐竹家,太田城,69,89,28,30,78,64,36,30,38,55,32,16,aggressive,1550,1565,1622,,,,90,0,32,0,59,,,見つかりません,,見つかりません,,
1032012,456,大掾|貞国,大掾貞国,佐竹家,太田城,43,46,46,41,43,56,36,30,54,43,50,21,balanced,1548,1563,1577,,,,90,0,32,0,59,,,見つかりません,,見つかりません,,
1033001,457,蘆名|盛氏,蘆名盛氏,蘆名家,黒川城,83,70,86,84,79,85,36,30,57,29,43,45,conservative,1521,1536,1580,1033008,,,100,1000,33,0,61,,,黒川城,,見つかりません,,
1033002,458,佐瀬|種常,佐瀬種常,蘆名家,黒川城,45,51,67,60,49,56,36,30,61,35,57,44,conservative,1515,1530,1589,,,,95,500,33,0,61,,,見つかりません,,見つかりません,,
1033003,459,松本|氏輔,松本氏輔,蘆名家,黒川城,46,51,54,50,47,58,43,40,40,57,36,47,balanced,1525,1540,1575,,,,95,500,33,0,61,,,見つかりません,,見つかりません,,
1033004,460,猪苗代|盛国,猪苗代盛国,蘆名家,黒川城,63,47,50,56,60,42,29,21,13,83,9,65,aggressive,1536,1551,1594,,,,80,0,33,0,61,,,見つかりません,,見つかりません,,
1033005,461,金上|盛備,金上盛備,蘆名家,黒川城,52,54,80,85,61,63,43,40,67,51,84,45,balanced,1527,1542,1589,,,,95,500,33,0,61,,true,見つかりません,,見つかりません,,
1033006,462,平田|舜範,平田舜範,蘆名家,塩生城,42,44,48,46,48,50,36,30,52,33,36,46,conservative,1519,1534,1583,,,,95,0,33,0,62,,,塩生城,,見つかりません,,
1033007,463,富田|氏実,富田氏実,蘆名家,塩生城,31,36,71,59,42,53,36,30,26,66,17,46,balanced,1541,1556,1591,,,,90,0,33,0,62,,,見つかりません,,見つかりません,,
1033008,464,蘆名|盛興,蘆名盛興,蘆名家,黒川城,61,53,53,46,43,51,36,30,54,43,50,45,conservative,1547,1562,1575,1033001,,,95,0,33,0,61,,,見つかりません,,見つかりません,,
1033009,465,針生|盛信,針生盛信,蘆名家,黒川城,34,35,50,44,45,55,36,30,44,51,38,47,conservative,1553,1568,1625,,,,85,0,33,0,61,,,見つかりません,,見つかりません,,
1034001,466,那須|資胤,那須資胤,那須家,烏山城,53,51,35,39,48,55,25,15,29,74,31,55,aggressive,1527,1542,1583,,,,90,1000,34,0,63,,,烏山城,,見つかりません,,
1034002,467,大田原|資清,大田原資清,那須家,烏山城,61,41,76,78,77,53,25,15,32,66,30,66,balanced,1486,1501,1560,1034003,,,95,500,34,0,63,,true,見つかりません,,見つかりません,,
1034003,468,大田原|綱清,大田原綱清,那須家,烏山城,45,54,54,62,69,52,25,15,65,31,60,66,conservative,1540,1555,1589,1034002,,,95,0,34,0,63,,,見つかりません,,見つかりません,,
1034004,469,福原|資孝,福原資孝,那須家,烏山城,43,50,52,59,65,55,25,15,34,68,36,55,balanced,1535,1550,1614,,,,95,500,34,0,63,,,見つかりません,,見つかりません,,
1034005,470,大関|高増,大関高増,那須家,烏山城,64,52,76,77,81,50,26,16,40,52,32,66,balanced,1527,1542,1598,,,,80,0,34,0,63,,,見つかりません,,見つかりません,,
1035001,471,小田|氏治,小田氏治,小田家,小田城,51,47,46,42,46,36,29,21,34,89,57,70,aggressive,1531,1546,1601,1035003,,,100,1000,35,0,64,,,小田城,,見つかりません,,
1035002,472,菅谷|政貞,菅谷政貞,小田家,小田城,63,60,48,58,69,60,36,30,82,22,86,70,balanced,1528,1543,1588,,,,95,500,35,0,64,,true,見つかりません,,見つかりません,,
1035003,473,小田|友治,小田友治,小田家,小田城,26,29,54,53,53,53,29,21,55,40,50,71,conservative,1548,1563,1604,1035001,,,95,0,35,0,64,,,見つかりません,,見つかりません,,
1035004,618,岡見|頼忠,岡見頼忠,小田家,小田城,39,39,42,32,33,55,29,21,84,16,84,70,aggressive,1547,1562,1586,,,,95,0,35,0,64,,,見つかりません,,見つかりません,,
1036001,474,佐野|宗綱,佐野宗綱,佐野家,唐沢山城,57,68,56,45,34,81,71,80,45,77,67,11,aggressive,1556,1574,1586,1036002,,,95,500,36,0,66,,,見つかりません,,見つかりません,,
1036002,475,佐野|昌綱,佐野昌綱,佐野家,唐沢山城,62,67,62,57,50,52,46,44,27,54,8,0,conservative,1529,1544,1574,1036001,,,100,1000,36,0,66,,true,唐沢山城,,見つかりません,,
1036003,615,大貫|武重,大貫武重,佐野家,唐沢山城,41,40,69,62,53,61,47,45,61,39,61,11,conservative,1547,1562,1586,,,,95,0,36,0,66,,,見つかりません,,見つかりません,,
1036004,616,茂呂|久重,茂呂久重,佐野家,唐沢山城,35,36,51,45,42,59,47,45,42,55,38,11,balanced,1538,1553,1590,,,,95,0,36,0,66,,,見つかりません,,見つかりません,,
1036005,617,高瀬|忠行,高瀬忠行,佐野家,唐沢山城,52,34,44,54,68,59,47,45,62,33,57,11,conservative,1533,1548,1581,,,,95,0,36,0,66,,,見つかりません,,見つかりません,,
1037001,476,太田|資正,太田資正,太田家,岩槻城,83,77,52,68,82,73,25,15,49,89,86,38,aggressive,1522,1537,1591,1037002,,,100,1000,37,0,69,,,岩槻城,,見つかりません,,
1037002,477,太田|氏資,太田氏資,太田家,岩槻城,57,61,51,53,58,35,25,15,59,55,72,36,aggressive,1542,1557,1567,1037001,,,95,0,37,0,69,,,見つかりません,,見つかりません,,
1037003,478,宮城|政業,宮城政業,太田家,岩槻城,39,44,56,54,51,58,36,30,32,70,33,67,conservative,1495,1510,1589,,,,95,500,37,0,69,,true,見つかりません,,見つかりません,,
1038001,479,武田|元栄,武田元栄,武田家,後瀬山城,62,59,44,43,45,41,25,15,31,43,5,63,conservative,1526,1541,1567,1038002|1038003,1558:武田:義元|1561:武田:義統,,100,1000,38,0,79,,,後瀬山城,105,治部少輔,,
1038002,480,武田|元明,武田元明,武田家,後瀬山城,45,33,54,50,49,44,22,11,65,30,61,68,aggressive,1552,1567,1582,1038001|1038003,,,95,0,38,0,79,,,見つかりません,,見つかりません,,
1038003,481,武田|信豊,武田信豊,武田家,後瀬山城,63,60,47,49,35,75,22,11,46,54,45,63,balanced,1547,1562,1582,1038001|1038002,,,95,0,38,0,79,,,見つかりません,,見つかりません,,
1038004,482,粟屋|光若,粟屋光若,武田家,後瀬山城,54,64,57,57,58,60,43,40,67,33,67,73,aggressive,1516,1531,1575,,,,90,0,38,0,79,,,見つかりません,,見つかりません,,
1038005,483,粟屋|勝久,粟屋勝久,武田家,後瀬山城,63,62,48,57,67,60,43,40,71,30,72,61,aggressive,1523,1538,1585,,,,90,500,38,0,79,,true,見つかりません,,見つかりません,,
1038006,484,逸見|昌経,逸見昌経,武田家,後瀬山城,51,58,58,61,62,49,22,11,51,42,44,11,aggressive,1532,1547,1581,,,,90,0,38,0,79,,,見つかりません,,見つかりません,,
1039001,485,山名|祐豊,山名祐豊,山名家,此隅山城,54,53,63,60,55,41,25,15,42,62,45,83,balanced,1511,1526,1580,1039002|1039005,,,100,1000,39,0,84,,,此隅山城,48,右衛門督,,
1039002,486,山名|豊国,山名豊国,山名家,此隅山城,31,54,38,29,22,43,25,15,42,36,19,79,conservative,1548,1563,1626,1039001|1039005,,,95,0,39,0,84,,,見つかりません,,見つかりません,,
1039003,487,田結庄|是義,田結庄是義,山名家,此隅山城,44,51,45,52,62,58,25,15,31,77,38,89,balanced,1518,1533,1575,,,,90,0,39,0,84,,,見つかりません,,見つかりません,,
1039004,488,中村|春続,中村春続,山名家,此隅山城,47,54,46,56,65,55,25,15,36,66,37,84,balanced,1529,1544,1581,,,,80,500,39,0,84,,,見つかりません,,見つかりません,,
1039005,489,山名|豊定,山名豊定,山名家,竹田城,49,54,58,57,56,57,25,15,56,51,63,83,balanced,1512,1527,1560,1039001|1039002,,,95,500,39,0,85,,,見つかりません,73,中務少輔,,
1039006,490,森下|通与,森下通与,山名家,竹田城,49,55,42,50,62,54,25,15,43,57,42,91,balanced,1537,1552,1581,,,,90,300,39,0,85,,,竹田城,,見つかりません,,
1039007,491,吉岡|定勝,吉岡定勝,山名家,竹田城,63,67,33,41,54,60,36,30,44,61,48,91,aggressive,1532,1547,1606,,,,95,0,39,0,85,,,見つかりません,,見つかりません,,
1039008,492,垣屋|続成,垣屋続成,山名家,此隅山城,47,46,57,62,66,57,25,15,24,83,31,79,balanced,1482,1497,1570,1039009,,,95,500,39,0,84,,true,見つかりません,,見つかりません,,
1039009,493,垣屋|光成,垣屋光成,山名家,此隅山城,51,55,49,50,54,32,25,15,41,69,50,79,balanced,1523,1538,1592,1039008,,,95,0,39,0,84,,,見つかりません,,見つかりません,,
1040001,494,赤松|義祐,赤松義祐,赤松家,姫路城,37,43,55,52,48,39,36,30,43,56,42,72,conservative,1537,1552,1576,1040002|1040003,,,95,1000,40,0,86,,,姫路城,,見つかりません,,
1040002,495,赤松|晴政,赤松晴政,赤松家,姫路城,28,36,38,34,33,27,36,30,39,56,34,69,balanced,1513,1528,1565,1040001|1040003,,,100,0,40,0,86,,,見つかりません,,見つかりません,,
1040003,496,赤松|政秀,赤松政秀,赤松家,姫路城,64,60,47,57,65,46,50,50,58,61,77,73,balanced,1521,1536,1570,1040001|1040002,,,95,500,40,0,86,,,見つかりません,,見つかりません,,
1040004,497,小寺|政職,小寺政職,赤松家,姫路城,56,57,70,64,56,47,50,50,45,54,43,45,balanced,1525,1540,1582,1040009,,,85,500,40,0,86,,,見つかりません,,見つかりません,,
1040005,498,黒田|職隆,黒田職隆,赤松家,姫路城,46,49,72,72,68,59,50,50,52,42,45,6,conservative,1524,1539,1585,1040007|1040008,1545:小寺:職隆|1580:黒田:職隆,,95,500,40,0,86,,true,見つかりません,,見つかりません,,
1040006,499,浦上|政宗,浦上政宗,赤松家,姫路城,51,60,45,42,46,52,26,16,60,36,55,78,balanced,1525,1531,1564,,,,90,0,40,0,86,,,見つかりません,,見つかりません,,
1040007,500,黒田|孝高,黒田孝高,赤松家,姫路城,88,70,82,83,97,70,71,80,28,71,27,6,aggressive,1546,1561,1604,1040005|1040008,1545:小寺:孝高|1580:黒田:孝高|1593:黒田:如水,,85,0,40,0,86,,,見つかりません,,見つかりません,,
1040008,501,黒田|重隆,黒田重隆,赤松家,姫路城,43,62,75,76,73,59,43,40,53,45,50,6,conservative,1508,1523,1564,1040005|1040007,,,90,0,40,0,86,,,見つかりません,,見つかりません,,
1040009,502,小寺|則職,小寺則職,赤松家,姫路城,30,39,62,62,59,55,36,30,44,51,38,45,conservative,1495,1510,1576,1040004,,,90,0,40,0,86,,,見つかりません,,見つかりません,,
1040010,503,石野|氏満,石野氏満,赤松家,姫路城,45,70,41,46,58,69,64,70,53,49,55,68,aggressive,1553,1568,1606,,,,90,0,40,0,86,,,見つかりません,,見つかりません,,
1040011,504,福原|長堯,福原長堯,赤松家,姫路城,55,52,68,65,59,57,36,30,68,31,67,22,conservative,1551,1566,1600,,,,90,0,40,0,86,,,見つかりません,,見つかりません,,
1800002,505,津田|算長,津田算長,根来衆,雑賀城,73,73,60,71,55,75,50,50,40,60,40,55,balanced,1499,1514,1568,,,,50,300,0,3,42,,,見つかりません,,見つかりません,,
1800003,506,百地|正永,百地正永,百地衆,喰代城,62,84,31,57,90,64,50,50,48,74,69,50,aggressive,1517,1532,1591,1800036,,,50,500,0,2,43,,,見つかりません,,見つかりません,,
1800004,507,藤林|保豊,藤林保豊,伊賀衆,柏原城,68,78,34,40,84,60,50,50,50,50,50,85,conservative,1530,1545,1605,,,,50,300,0,12,80,,,見つかりません,,見つかりません,,
1800005,508,植田|光次,植田光次,伊賀衆,柏原城,64,59,38,53,63,64,23,12,67,25,58,39,balanced,1512,1527,1586,,,,50,300,0,12,80,,,見つかりません,,見つかりません,,
1800006,509,仁木|長政,仁木長政,仁木衆,喰代城,52,58,50,55,55,65,50,50,70,40,80,40,conservative,1535,1550,1583,,,,50,300,0,1,43,,,見つかりません,,見つかりません,,
1800007,510,明智|光秀,明智光秀,浪人,稲葉山城,95,85,90,91,89,68,36,30,26,90,42,56,balanced,1528,1543,1582,1800008,1575:惟任:光秀,akechi_mitsuhide.webp,50,300,0,0,3,,,見つかりません,,見つかりません,,
1800008,511,明智|秀満,明智秀満,浪人,稲葉山城,74,77,47,47,51,73,43,40,77,26,80,58,balanced,1537,1552,1582,1800007,,,50,0,0,0,3,,,見つかりません,,見つかりません,,
1800009,512,柳生|宗厳,柳生宗厳,浪人,筒井城,58,90,34,34,43,82,43,40,73,40,85,91,hermit,1527,1542,1606,1800057,,,50,0,0,0,53,,,見つかりません,,見つかりません,,
1800010,513,山内|一豊,山内一豊,浪人,清州城,64,67,65,60,55,54,71,80,34,53,21,87,balanced,1546,1561,1605,,,,50,0,0,0,7,,,見つかりません,,見つかりません,,
1800011,514,堀尾|吉晴,堀尾吉晴,浪人,清州城,58,53,70,67,62,63,50,50,69,25,63,98,conservative,1543,1558,1611,,,,50,0,0,0,7,,,見つかりません,,見つかりません,,
1800012,515,水野|信元,水野信元,水野衆,岡崎城,60,55,60,58,54,36,54,56,37,64,37,98,aggressive,1508,1523,1576,1800013,,,50,0,0,6,48,,,見つかりません,,見つかりません,,
1800013,516,水野|忠重,水野忠重,水野衆,岡崎城,57,48,54,59,62,43,54,56,38,55,31,98,conservative,1541,1556,1600,1800012,,,50,0,0,6,48,,,見つかりません,,見つかりません,,
1800014,517,畠山|高政,畠山高政,畠山衆,高屋城,73,78,28,44,66,78,22,11,38,83,58,10,aggressive,1527,1542,1576,,,,50,0,0,7,56,,,見つかりません,,見つかりません,,
1800015,518,遊佐|信教,遊佐信教,畠山衆,高屋城,49,54,47,60,72,16,25,15,31,83,44,83,aggressive,1524,1539,1574,,,,50,0,0,7,56,,,見つかりません,,見つかりません,,
1800016,519,杉谷|善住坊,杉谷善住坊,甲賀衆,音羽城,42,74,24,31,59,47,50,50,39,58,36,33,balanced,1531,1546,1573,,,,50,0,0,8,40,,,見つかりません,,見つかりません,,
1800017,520,小笠原|長時,小笠原長時,浪人,高屋城,69,73,45,32,24,53,25,15,43,67,53,25,conservative,1514,1534,1583,,,,50,0,0,0,56,,,見つかりません,,見つかりません,,
1800018,521,安井|道頓,安井道頓,浪人,高屋城,26,17,80,62,51,60,71,80,53,57,63,15,aggressive,1533,1548,1615,,,,50,0,0,0,56,,,見つかりません,,見つかりません,,
1800020,522,塚原|卜伝,塚原卜伝,浪人,太田城,47,95,25,37,41,77,50,50,74,42,90,44,balanced,1489,1524,1571,,,,50,0,0,0,59,,,見つかりません,,見つかりません,,
1800021,523,窪田|経忠,窪田経忠,窪田衆,大聖寺城,51,55,35,45,62,55,32,25,48,50,45,51,aggressive,1511,1526,1570,,,,50,0,0,10,19,,,見つかりません,,見つかりません,,
1800022,524,徳田|重清,徳田重清,徳田衆,大聖寺城,57,63,37,40,46,53,36,30,49,42,39,51,aggressive,1516,1531,1580,,,,50,0,0,5,19,,,見つかりません,,見つかりません,,
1800023,525,服部|友貞,服部友貞,服部衆,長島城,59,57,36,38,42,62,36,30,52,58,61,51,aggressive,1515,1530,1568,,,,50,0,0,11,44,,,見つかりません,,見つかりません,,
1800024,526,森田|浄雲,森田浄雲,森田衆,柏原城,67,68,49,56,63,67,39,35,57,60,73,43,balanced,1510,1525,1581,,,,50,0,0,29,80,,,見つかりません,,見つかりません,,
1800026,528,溝尾|茂朝,溝尾茂朝,浪人,稲葉山城,36,61,30,32,47,58,25,15,85,14,83,57,conservative,1543,1558,1582,,,,50,0,0,0,3,,,見つかりません,,見つかりません,,
1800027,529,願証寺|証恵,願証寺証恵,願証寺,長島城,60,56,71,66,61,74,18,5,77,11,65,51,balanced,1494,1509,1574,,,,50,300,0,4,44,,,見つかりません,,見つかりません,,
1800028,530,風摩,風摩,風摩衆,小田原城,53,87,28,54,85,40,68,76,62,20,44,82,hermit,1532,1547,1613,,,,50,0,0,13,14,,,見つかりません,,見つかりません,,
1800029,531,大西|頼武,大西頼武,大西衆,洲本城,48,54,41,47,57,59,36,30,43,61,46,58,balanced,1519,1534,1578,1800030,,,50,0,0,15,87,,,見つかりません,,見つかりません,,
1800030,532,大西|頼晴,大西頼晴,大西衆,洲本城,38,48,47,36,26,51,36,30,64,23,50,52,balanced,1544,1559,1578,1800029,,,50,0,0,15,87,,,見つかりません,,見つかりません,,
1800034,533,滝野|吉政,滝野吉政,浪人,柏原城,57,65,41,54,70,56,36,30,54,43,50,38,aggressive,1553,1568,1602,,,,50,0,0,0,80,,,見つかりません,,見つかりません,,
1800035,534,内藤|如安,内藤如安,浪人,二条城,41,45,63,61,57,57,71,80,57,47,61,23,conservative,1549,1564,1626,,,,50,0,0,0,26,,,見つかりません,,見つかりません,,
1800036,535,百地|正西,百地正西,百地衆,喰代城,65,89,31,57,88,64,50,50,66,36,67,50,hermit,1556,1571,1640,1800003,,,50,0,0,2,43,,,見つかりません,,見つかりません,,
1800037,536,七条|兼仲,七条兼仲,浪人,洲本城,35,78,23,23,29,56,36,30,68,31,67,48,aggressive,1548,1563,1582,,,,50,0,0,0,87,,,見つかりません,,見つかりません,,
1800038,537,覚慶,覚慶,浪人,筒井城,34,33,68,84,76,99,29,21,30,61,21,50,aggressive,1537,1552,1597,1017001,,,50,0,0,0,53,,,見つかりません,,見つかりません,,
1800039,538,小笠原|貞種,小笠原貞種,小笠原衆,二条城,50,62,39,36,40,51,26,16,50,43,44,25,aggressive,1523,1538,1587,1800051|1800052,,,50,0,0,17,26,,,見つかりません,,見つかりません,,
1800040,539,溝口|貞泰,溝口貞泰,小笠原衆,二条城,52,46,51,56,61,51,22,11,71,26,67,2,aggressive,1539,1554,1613,,,,50,0,0,17,26,,,見つかりません,,見つかりません,,
1800041,540,青木|一矩,青木一矩,浪人,大垣城,67,48,57,57,58,67,61,65,59,44,61,13,aggressive,1541,1556,1600,,,,50,0,0,0,36,,,見つかりません,,見つかりません,,
1800042,541,九鬼|嘉隆,九鬼嘉隆,九鬼水軍,鳥羽城,75,78,48,52,77,77,75,85,47,56,50,3,aggressive,1542,1557,1600,,,,50,0,0,18,78,,,見つかりません,,見つかりません,,
1800043,542,有馬|則頼,有馬則頼,有馬衆,三木城,27,38,60,55,51,62,50,50,56,44,55,5,conservative,1533,1548,1602,,,,50,0,0,19,25,,,見つかりません,,見つかりません,,
1800044,543,塩屋|秋貞,塩屋秋貞,塩屋衆,松倉城,38,43,68,59,44,52,22,11,63,39,58,44,conservative,1521,1536,1583,,,,50,0,0,20,29,,,見つかりません,,見つかりません,,
1800045,544,堀内|氏善,堀内氏善,熊野水軍,雑賀城,60,55,51,50,52,23,57,60,45,54,44,15,balanced,1549,1564,1615,,,,50,0,0,21,42,,,見つかりません,,見つかりません,,
1800046,545,蜂須賀|利政,蜂須賀利政,川並衆,清州城,66,74,72,66,82,74,71,80,62,43,67,10,aggressive,1526,1541,1586,,1557:蜂須賀:正勝,,50,0,0,22,7,,,見つかりません,,見つかりません,,
1800047,546,前野|長康,前野長康,川並衆,清州城,62,67,37,46,61,68,64,70,53,49,55,4,balanced,1528,1543,1595,,,,50,0,0,22,7,,,見つかりません,,見つかりません,,
1800048,547,前田|玄以,前田玄以,浪人,大垣城,23,22,89,94,77,65,50,50,40,45,24,1,conservative,1539,1554,1602,,,,50,0,0,0,36,,,見つかりません,,見つかりません,,
1800049,548,高梨|秀政,高梨秀政,高梨衆,飯山城,48,61,53,48,45,53,25,15,52,46,50,24,balanced,1528,1543,1572,,,,50,0,0,24,70,,,見つかりません,,見つかりません,,
1800050,549,椎名|康胤,椎名康胤,椎名衆,富山城,45,54,48,42,39,27,25,15,35,70,40,38,balanced,1499,1514,1576,,,,50,0,0,23,24,,,見つかりません,,見つかりません,,
1800051,550,小間|常光,小間常光,椎名衆,富山城,37,49,57,56,56,52,26,16,60,36,55,31,balanced,1514,1529,1573,1800039|1800052,,,50,0,0,23,24,,,見つかりません,,見つかりません,,
1800052,551,小笠原|貞慶,小笠原貞慶,小笠原衆,二条城,56,66,61,53,47,52,26,16,65,31,61,2,aggressive,1546,1561,1595,1800039|1800051,,,50,0,0,17,26,,,見つかりません,,見つかりません,,
1800053,552,大熊|朝秀,大熊朝秀,大熊衆,魚津城,38,70,68,48,33,52,18,5,40,40,19,88,balanced,1517,1532,1582,,,,50,0,0,26,1,,,見つかりません,,見つかりません,,
1800054,553,生駒|親正,生駒親正,浪人,稲葉山城,50,47,65,58,52,59,64,70,69,24,61,3,balanced,1535,1550,1603,,,,50,0,0,0,3,,,見つかりません,,見つかりません,,
1800055,554,犬甘|久知,犬甘久知,小笠原衆,二条城,57,62,44,51,62,53,26,16,74,24,72,5,aggressive,1546,1561,1620,,,,50,0,0,17,26,,,見つかりません,,見つかりません,,
1800056,555,由良|成繁,由良成繁,岩松衆,厩橋城,57,57,64,68,70,51,26,16,50,43,44,8,balanced,1506,1521,1578,1001052|1800058|1800059,,,50,0,0,25,6,,,見つかりません,,見つかりません,,
1800057,556,柳生|家厳,柳生家厳,柳生衆,筒井城,66,74,56,46,41,53,29,21,59,37,55,91,aggressive,1497,1512,1585,1800009,,,50,0,0,27,53,,,見つかりません,,見つかりません,,
1800058,557,渡瀬|繁詮,渡瀬繁詮,岩松衆,厩橋城,45,47,57,54,52,60,43,40,71,30,72,8,aggressive,1555,1570,1595,1001052|1800056|1800059,,,50,0,0,25,6,,,見つかりません,,見つかりません,,
1800059,558,由良|国繁,由良国繁,岩松衆,厩橋城,48,44,59,58,57,58,43,40,47,49,44,8,balanced,1550,1565,1611,1001052|1800056|1800058,,,50,0,0,25,6,,,見つかりません,,見つかりません,,
1800060,565,多羅尾|光俊,多羅尾光俊,甲賀衆,音羽城,56,72,33,26,63,71,50,50,64,37,65,25,balanced,1514,1529,1609,,,,50,0,0,8,40,,,見つかりません,,見つかりません,,
1800061,566,鵜飼|孫六,鵜飼孫六,甲賀衆,音羽城,65,71,33,26,59,46,50,50,43,55,40,90,balanced,1530,1545,1589,,,,50,0,0,8,40,,,見つかりません,,見つかりません,,
1800062,567,望月|吉棟,望月吉棟,望月衆,音羽城,62,63,25,20,52,51,50,50,39,58,35,33,balanced,1537,1550,1612,,,,50,0,0,28,40,,,見つかりません,,見つかりません,,
1800063,568,伊賀崎|道順,伊賀崎道順,伊賀衆,柏原城,71,68,19,15,57,27,50,50,64,37,65,33,conservative,1539,1553,1599,,,,50,0,0,12,80,,,見つかりません,,見つかりません,,
1800064,584,東|常慶,東常慶,浪人,郡上八幡城,51,30,42,39,60,51,22,11,60,34,55,16,conservative,1508,1523,1559,1023002,,,50,0,0,0,50,,,見つかりません,,見つかりません,,